"Opportunity Stage","Estimate Name","Practice: Practice Name","Resource Role","Pricing Region: Region Name","Start Date","End Date","Hours","Actual Cost Rate (converted) Currency","Actual Cost Rate (converted)","Cost Amount (converted) Currency","Cost Amount (converted)","Net Bill Amount (converted) Currency","Net Bill Amount (converted)","Margin (%)","Margin (Amount) (converted) Currency","Margin (Amount) (converted)","Account: Account Name","Opportunity: Opportunity Name"
"Contract Negotiation","Stickers Carême","AI Studios","AI Studios - Director","France","05/05/2025","16/05/2025","3.00","USD","152.25","USD","456.76","USD","581.85","22.47","USD","342.39","APPLE FRANCE","APPLE FRANCE - CREX007 - Apple TV+ - Stickers"
"Contract Negotiation","Paid Media - Update","Paid Media","Paid Media - Manager","Israel","01/12/2025","31/10/2026","223.84","USD","42.43","USD","9497.98","USD","23778.43","60.05","USD","52252.00","Aro Shoes","IL AROS  Shoofra + Aro - Paid Media Management - Change Request"
"Contract Negotiation","Paid Media - Update","Paid Media","Paid Media - Director","Israel","01/12/2025","31/10/2026","100.00","USD","74.84","USD","7484.25","USD","18732.32","60.05","USD","52252.00","Aro Shoes","IL AROS  Shoofra + Aro - Paid Media Management - Change Request"
"Contract Negotiation","Paid Media - Update","Analytics","Analytics - Senior Manager","Israel","01/12/2025","31/10/2026","100.00","USD","59.03","USD","5903.07","USD","14782.37","60.05","USD","52252.00","Aro Shoes","IL AROS  Shoofra + Aro - Paid Media Management - Change Request"
"Contract Negotiation","Paid Media - Update","Client Management","Client Management - Director","Israel","01/12/2025","31/10/2026","100.00","USD","76.27","USD","7626.99","USD","19091.40","60.05","USD","52252.00","Aro Shoes","IL AROS  Shoofra + Aro - Paid Media Management - Change Request"
"Contract Negotiation","Paid Media - Update","Project Management","Project Management - Manager","Israel","01/12/2025","31/10/2026","100.00","USD","42.43","USD","4243.20","USD","10622.96","60.05","USD","52252.00","Aro Shoes","IL AROS  Shoofra + Aro - Paid Media Management - Change Request"
"Scoping / Engagement","MyHospital API Tracking","Analytics","Analytics - Director","Australia","02/03/2026","29/05/2026","1.00","USD","75.79","USD","75.79","USD","266.06","72.41","USD","1995.89","Australian Institute of Health and Welfare","AU AUSM - Australian Institute of Health and Welfare - MyHospital API Tracking"
"Scoping / Engagement","MyHospital API Tracking","Analytics","Analytics - Senior Manager","Australia","02/03/2026","29/05/2026","9.00","USD","66.27","USD","596.41","USD","2183.23","72.41","USD","1995.89","Australian Institute of Health and Welfare","AU AUSM - Australian Institute of Health and Welfare - MyHospital API Tracking"
"Scoping / Engagement","MyHospital API Tracking","Client Management","Client Management - Senior Manager","Australia","02/03/2026","29/05/2026","1.00","USD","61.59","USD","61.59","USD","211.28","72.41","USD","1995.89","Australian Institute of Health and Welfare","AU AUSM - Australian Institute of Health and Welfare - MyHospital API Tracking"
"Scoping / Engagement","MyHospital API Tracking","Project Management","Project Management - Senior Manager","Australia","02/03/2026","29/05/2026","0.50","USD","53.50","USD","26.75","USD","95.86","72.41","USD","1995.89","Australian Institute of Health and Welfare","AU AUSM - Australian Institute of Health and Welfare - MyHospital API Tracking"
"Contract Negotiation","Renew TMA 2026","","CX - CRM - VP +","France","09/02/2026","31/01/2027","180.00","USD","136.58","USD","24584.86","USD","36772.98","45.99","USD","44419.79","Barrière","FR BRRI - Barrière - Renew TMA_2026-2027_OK"
"Contract Negotiation","Renew TMA 2026","","CX - CRM - Senior Manager","France","09/02/2026","31/01/2027","390.21","USD","68.80","USD","26845.78","USD","57978.22","45.99","USD","44419.79","Barrière","FR BRRI - Barrière - Renew TMA_2026-2027_OK"
"Contract Negotiation","Renew TMA 2026","Partnerships - Growth","Partnerships - Growth - Senior Manager","France","09/02/2026","31/01/2027","12.00","USD","60.50","USD","726.06","USD","1825.29","45.99","USD","44419.79","Barrière","FR BRRI - Barrière - Renew TMA_2026-2027_OK"
"Contract Negotiation","Support Renewal","Client Management","Client Management - Director","United Kingdom","01/10/2024","30/09/2026","12.00","USD","100.38","USD","1204.50","USD","3217.50","40.84","USD","4212.51","BBC Global News Limited","UK BGNL - BBC Global News Limited - DV360 Renewal Oct 24 - Sep 25"
"Contract Negotiation","Support Renewal","AdTech Solutions","AdTech Solutions - Senior Director","India","01/10/2024","30/09/2026","10.00","USD","97.67","USD","976.66","USD","1100.00","40.84","USD","4212.51","BBC Global News Limited","UK BGNL - BBC Global News Limited - DV360 Renewal Oct 24 - Sep 25"
"Contract Negotiation","Support Renewal","AdTech Solutions","AdTech Solutions - Senior Manager","India","01/10/2024","30/09/2026","31.33","USD","57.63","USD","1805.43","USD","2584.73","40.84","USD","4212.51","BBC Global News Limited","UK BGNL - BBC Global News Limited - DV360 Renewal Oct 24 - Sep 25"
"Contract Negotiation","Support Renewal","AdTech Solutions","AdTech Solutions - Senior Manager","India","01/10/2024","30/09/2026","31.33","USD","57.63","USD","1805.43","USD","2584.73","40.84","USD","4212.51","BBC Global News Limited","UK BGNL - BBC Global News Limited - DV360 Renewal Oct 24 - Sep 25"
"Contract Negotiation","Support Renewal","Project Management","Project Management - Manager","South Africa","01/10/2024","30/09/2026","12.03","USD","25.73","USD","309.49","USD","827.06","40.84","USD","4212.51","BBC Global News Limited","UK BGNL - BBC Global News Limited - DV360 Renewal Oct 24 - Sep 25"
"Contract Negotiation","BLR Social Listening - KR Retainer","Market Intelligence","Market Intelligence - Director","France","01/10/2025","30/11/2026","52.50","USD","146.37","USD","7684.43","USD","7936.11","17.97","USD","8859.26","BlackRock Asset Management North Asia Limited (BR HK/JF HK)","Social Listening Korea 2025/2026"
"Contract Negotiation","BLR Social Listening - KR Retainer","Market Intelligence","Market Intelligence - Director","United Kingdom","01/10/2025","30/11/2026","64.50","USD","144.04","USD","9290.58","USD","15651.44","17.97","USD","8859.26","BlackRock Asset Management North Asia Limited (BR HK/JF HK)","Social Listening Korea 2025/2026"
"Contract Negotiation","BLR Social Listening - KR Retainer","Media Strategy","Media Strategy - Director","South Korea","01/10/2025","30/11/2026","12.00","USD","124.81","USD","1497.72","USD","2530.01","17.97","USD","8859.26","BlackRock Asset Management North Asia Limited (BR HK/JF HK)","Social Listening Korea 2025/2026"
"Contract Negotiation","BLR Social Listening - KR Retainer","Client Management","Client Management - Senior Director","Singapore","01/10/2025","30/11/2026","25.00","USD","137.95","USD","3448.75","USD","4375.80","17.97","USD","8859.26","BlackRock Asset Management North Asia Limited (BR HK/JF HK)","Social Listening Korea 2025/2026"
"Contract Negotiation","BLR Social Listening - KR Retainer","Project Management","Project Management - Manager","Singapore","01/10/2025","30/11/2026","8.03","USD","47.75","USD","383.43","USD","670.81","17.97","USD","8859.26","BlackRock Asset Management North Asia Limited (BR HK/JF HK)","Social Listening Korea 2025/2026"
"Pitch","SEO Management (All) + Foundation Copy (All 10 pc) + Editorial (All 2 pc) - V2","SEO","SEO - Executive","South Africa","01/03/2026","28/02/2027","162.00","USD","17.97","USD","2911.62","USD","7291.37","60.92","USD","145380.81","Blue Falcon Trading 188 (Pty)Ltd","SA BLUP - Blue Falcon Trading 188 (Pty)Ltd - Renewal"
"Pitch","SEO Management (All) + Foundation Copy (All 10 pc) + Editorial (All 2 pc) - V2","SEO","SEO - Senior Manager","South Africa","01/03/2026","28/02/2027","84.00","USD","42.45","USD","3566.11","USD","8920.32","60.92","USD","145380.81","Blue Falcon Trading 188 (Pty)Ltd","SA BLUP - Blue Falcon Trading 188 (Pty)Ltd - Renewal"
"Pitch","SEO Management (All) + Foundation Copy (All 10 pc) + Editorial (All 2 pc) - V2","SEO","SEO - Executive","South Africa","01/03/2026","28/02/2027","240.00","USD","17.97","USD","4313.51","USD","10802.03","60.92","USD","145380.81","Blue Falcon Trading 188 (Pty)Ltd","SA BLUP - Blue Falcon Trading 188 (Pty)Ltd - Renewal"
"Pitch","SEO Management (All) + Foundation Copy (All 10 pc) + Editorial (All 2 pc) - V2","SEO","SEO - Executive","South Africa","01/03/2026","28/02/2027","162.00","USD","17.97","USD","2911.62","USD","7291.37","60.92","USD","145380.81","Blue Falcon Trading 188 (Pty)Ltd","SA BLUP - Blue Falcon Trading 188 (Pty)Ltd - Renewal"
"Pitch","SEO Management (All) + Foundation Copy (All 10 pc) + Editorial (All 2 pc) - V2","SEO","SEO - Manager","India","01/03/2026","28/02/2027","77.00","USD","10.42","USD","802.53","USD","2509.82","60.92","USD","145380.81","Blue Falcon Trading 188 (Pty)Ltd","SA BLUP - Blue Falcon Trading 188 (Pty)Ltd - Renewal"
"Pitch","SEO Management (All) + Foundation Copy (All 10 pc) + Editorial (All 2 pc) - V2","Client Management","Client Management - Manager","South Africa","01/03/2026","28/02/2027","25.00","USD","30.21","USD","755.13","USD","1888.03","60.92","USD","145380.81","Blue Falcon Trading 188 (Pty)Ltd","SA BLUP - Blue Falcon Trading 188 (Pty)Ltd - Renewal"
"Pitch","SEO Management (All) + Foundation Copy (All 10 pc) + Editorial (All 2 pc) - V2","Project Management","Project Management - Senior Director","South Africa","01/03/2026","28/02/2027","25.00","USD","58.47","USD","1461.73","USD","3655.94","60.92","USD","145380.81","Blue Falcon Trading 188 (Pty)Ltd","SA BLUP - Blue Falcon Trading 188 (Pty)Ltd - Renewal"
"Pitch","SEO Management (All) + Foundation Copy (All 10 pc) + Editorial (All 2 pc) - V2","SEO","SEO - Senior Manager","South Africa","01/03/2026","28/02/2027","24.00","USD","42.45","USD","1018.89","USD","2548.66","60.92","USD","145380.81","Blue Falcon Trading 188 (Pty)Ltd","SA BLUP - Blue Falcon Trading 188 (Pty)Ltd - Renewal"
"Pitch","SEO Management (All) + Foundation Copy (All 10 pc) + Editorial (All 2 pc) - V2","SEO","SEO - Manager","India","01/03/2026","28/02/2027","24.00","USD","10.42","USD","250.14","USD","782.28","60.92","USD","145380.81","Blue Falcon Trading 188 (Pty)Ltd","SA BLUP - Blue Falcon Trading 188 (Pty)Ltd - Renewal"
"Pitch","SEO Management (All) + Foundation Copy (All 10 pc) + Editorial (All 2 pc) - V2","SEO","SEO - Executive","South Africa","01/03/2026","28/02/2027","24.00","USD","17.97","USD","431.35","USD","1080.20","60.92","USD","145380.81","Blue Falcon Trading 188 (Pty)Ltd","SA BLUP - Blue Falcon Trading 188 (Pty)Ltd - Renewal"
"Pitch","SEO Management (All) + Foundation Copy (All 10 pc) + Editorial (All 2 pc) - V2","SEO","SEO - Senior Manager","South Africa","01/03/2026","28/02/2027","24.00","USD","42.45","USD","1018.89","USD","2548.66","60.92","USD","145380.81","Blue Falcon Trading 188 (Pty)Ltd","SA BLUP - Blue Falcon Trading 188 (Pty)Ltd - Renewal"
"Pitch","SEO Management (All) + Foundation Copy (All 10 pc) + Editorial (All 2 pc) - V2","SEO","SEO - Manager","India","01/03/2026","28/02/2027","24.00","USD","10.42","USD","250.14","USD","782.28","60.92","USD","145380.81","Blue Falcon Trading 188 (Pty)Ltd","SA BLUP - Blue Falcon Trading 188 (Pty)Ltd - Renewal"
"Pitch","SEO Management (All) + Foundation Copy (All 10 pc) + Editorial (All 2 pc) - V2","SEO","SEO - Executive","South Africa","01/03/2026","28/02/2027","24.00","USD","17.97","USD","431.35","USD","1080.20","60.92","USD","145380.81","Blue Falcon Trading 188 (Pty)Ltd","SA BLUP - Blue Falcon Trading 188 (Pty)Ltd - Renewal"
"Pitch","SEO Management (All) + Foundation Copy (All 10 pc) + Editorial (All 2 pc) - V2","SEO","SEO - Senior Manager","South Africa","01/03/2026","28/02/2027","4.00","USD","42.45","USD","169.81","USD","424.78","60.92","USD","145380.81","Blue Falcon Trading 188 (Pty)Ltd","SA BLUP - Blue Falcon Trading 188 (Pty)Ltd - Renewal"
"Pitch","SEO Management (All) + Foundation Copy (All 10 pc) + Editorial (All 2 pc) - V2","SEO","SEO - Manager","India","01/03/2026","28/02/2027","4.00","USD","10.42","USD","41.69","USD","130.38","60.92","USD","145380.81","Blue Falcon Trading 188 (Pty)Ltd","SA BLUP - Blue Falcon Trading 188 (Pty)Ltd - Renewal"
"Pitch","SEO Management (All) + Foundation Copy (All 10 pc) + Editorial (All 2 pc) - V2","SEO","SEO - Executive","South Africa","01/03/2026","28/02/2027","4.00","USD","17.97","USD","71.89","USD","180.03","60.92","USD","145380.81","Blue Falcon Trading 188 (Pty)Ltd","SA BLUP - Blue Falcon Trading 188 (Pty)Ltd - Renewal"
"Pitch","SEO Management (All) + Foundation Copy (All 10 pc) + Editorial (All 2 pc) - V2","SEO","SEO - Senior Manager","South Africa","01/03/2026","28/02/2027","44.00","USD","42.45","USD","1867.96","USD","4672.55","60.92","USD","145380.81","Blue Falcon Trading 188 (Pty)Ltd","SA BLUP - Blue Falcon Trading 188 (Pty)Ltd - Renewal"
"Pitch","SEO Management (All) + Foundation Copy (All 10 pc) + Editorial (All 2 pc) - V2","SEO","SEO - Manager","India","01/03/2026","28/02/2027","20.00","USD","10.42","USD","208.45","USD","651.90","60.92","USD","145380.81","Blue Falcon Trading 188 (Pty)Ltd","SA BLUP - Blue Falcon Trading 188 (Pty)Ltd - Renewal"
"Pitch","SEO Management (All) + Foundation Copy (All 10 pc) + Editorial (All 2 pc) - V2","SEO","SEO - Executive","South Africa","01/03/2026","28/02/2027","20.00","USD","17.97","USD","359.46","USD","900.17","60.92","USD","145380.81","Blue Falcon Trading 188 (Pty)Ltd","SA BLUP - Blue Falcon Trading 188 (Pty)Ltd - Renewal"
"Pitch","SEO Management (All) + Foundation Copy (All 10 pc) + Editorial (All 2 pc) - V2","SEO","SEO - Manager","India","01/03/2026","28/02/2027","312.00","USD","10.42","USD","3251.79","USD","10169.67","60.92","USD","145380.81","Blue Falcon Trading 188 (Pty)Ltd","SA BLUP - Blue Falcon Trading 188 (Pty)Ltd - Renewal"
"Pitch","SEO Management (All) + Foundation Copy (All 10 pc) + Editorial (All 2 pc) - V2","SEO","SEO - Executive","South Africa","01/03/2026","28/02/2027","288.00","USD","17.97","USD","5176.21","USD","12962.43","60.92","USD","145380.81","Blue Falcon Trading 188 (Pty)Ltd","SA BLUP - Blue Falcon Trading 188 (Pty)Ltd - Renewal"
"Pitch","SEO Management (All) + Foundation Copy (All 10 pc) + Editorial (All 2 pc) - V2","SEO","SEO - Manager","India","01/03/2026","28/02/2027","96.00","USD","10.42","USD","1000.55","USD","3129.13","60.92","USD","145380.81","Blue Falcon Trading 188 (Pty)Ltd","SA BLUP - Blue Falcon Trading 188 (Pty)Ltd - Renewal"
"Pitch","SEO Management (All) + Foundation Copy (All 10 pc) + Editorial (All 2 pc) - V2","SEO","SEO - Senior Manager","South Africa","01/03/2026","28/02/2027","40.00","USD","42.45","USD","1698.15","USD","4247.77","60.92","USD","145380.81","Blue Falcon Trading 188 (Pty)Ltd","SA BLUP - Blue Falcon Trading 188 (Pty)Ltd - Renewal"
"Pitch","SEO Management (All) + Foundation Copy (All 10 pc) + Editorial (All 2 pc) - V2","SEO","SEO - Manager","India","01/03/2026","28/02/2027","10.00","USD","10.42","USD","104.22","USD","325.95","60.92","USD","145380.81","Blue Falcon Trading 188 (Pty)Ltd","SA BLUP - Blue Falcon Trading 188 (Pty)Ltd - Renewal"
"Pitch","SEO Management (All) + Foundation Copy (All 10 pc) + Editorial (All 2 pc) - V2","SEO","SEO - Executive","South Africa","01/03/2026","28/02/2027","10.00","USD","17.97","USD","179.73","USD","450.08","60.92","USD","145380.81","Blue Falcon Trading 188 (Pty)Ltd","SA BLUP - Blue Falcon Trading 188 (Pty)Ltd - Renewal"
"Pitch","SEO Management (All) + Foundation Copy (All 10 pc) + Editorial (All 2 pc) - V2","SEO","SEO - Senior Manager","South Africa","01/03/2026","28/02/2027","24.00","USD","42.45","USD","1018.89","USD","2548.66","60.92","USD","145380.81","Blue Falcon Trading 188 (Pty)Ltd","SA BLUP - Blue Falcon Trading 188 (Pty)Ltd - Renewal"
"Pitch","SEO Management (All) + Foundation Copy (All 10 pc) + Editorial (All 2 pc) - V2","SEO","SEO - Manager","India","01/03/2026","28/02/2027","12.00","USD","10.42","USD","125.07","USD","391.14","60.92","USD","145380.81","Blue Falcon Trading 188 (Pty)Ltd","SA BLUP - Blue Falcon Trading 188 (Pty)Ltd - Renewal"
"Pitch","SEO Management (All) + Foundation Copy (All 10 pc) + Editorial (All 2 pc) - V2","SEO","SEO - Senior Manager","South Africa","01/03/2026","28/02/2027","110.00","USD","42.45","USD","4669.91","USD","11681.37","60.92","USD","145380.81","Blue Falcon Trading 188 (Pty)Ltd","SA BLUP - Blue Falcon Trading 188 (Pty)Ltd - Renewal"
"Pitch","SEO Management (All) + Foundation Copy (All 10 pc) + Editorial (All 2 pc) - V2","SEO","SEO - Manager","India","01/03/2026","28/02/2027","70.00","USD","10.42","USD","729.57","USD","2281.66","60.92","USD","145380.81","Blue Falcon Trading 188 (Pty)Ltd","SA BLUP - Blue Falcon Trading 188 (Pty)Ltd - Renewal"
"Pitch","SEO Management (All) + Foundation Copy (All 10 pc) + Editorial (All 2 pc) - V2","SEO","SEO - Senior Manager","South Africa","01/03/2026","28/02/2027","20.00","USD","42.45","USD","849.07","USD","2123.89","60.92","USD","145380.81","Blue Falcon Trading 188 (Pty)Ltd","SA BLUP - Blue Falcon Trading 188 (Pty)Ltd - Renewal"
"Pitch","SEO Management (All) + Foundation Copy (All 10 pc) + Editorial (All 2 pc) - V2","SEO","SEO - Manager","India","01/03/2026","28/02/2027","29.00","USD","10.42","USD","302.25","USD","945.26","60.92","USD","145380.81","Blue Falcon Trading 188 (Pty)Ltd","SA BLUP - Blue Falcon Trading 188 (Pty)Ltd - Renewal"
"Pitch","SEO Management (All) + Foundation Copy (All 10 pc) + Editorial (All 2 pc) - V2","SEO","SEO - Executive","South Africa","01/03/2026","28/02/2027","11.00","USD","17.97","USD","197.70","USD","495.09","60.92","USD","145380.81","Blue Falcon Trading 188 (Pty)Ltd","SA BLUP - Blue Falcon Trading 188 (Pty)Ltd - Renewal"
"Pitch","SEO Management (All) + Foundation Copy (All 10 pc) + Editorial (All 2 pc) - V2","SEO","SEO - Senior Manager","South Africa","01/03/2026","28/02/2027","100.00","USD","42.45","USD","4245.37","USD","10619.43","60.92","USD","145380.81","Blue Falcon Trading 188 (Pty)Ltd","SA BLUP - Blue Falcon Trading 188 (Pty)Ltd - Renewal"
"Pitch","SEO Management (All) + Foundation Copy (All 10 pc) + Editorial (All 2 pc) - V2","SEO","SEO - Manager","India","01/03/2026","28/02/2027","62.00","USD","10.42","USD","646.19","USD","2020.90","60.92","USD","145380.81","Blue Falcon Trading 188 (Pty)Ltd","SA BLUP - Blue Falcon Trading 188 (Pty)Ltd - Renewal"
"Pitch","SEO Management (All) + Foundation Copy (All 10 pc) + Editorial (All 2 pc) - V2","SEO","SEO - Executive","South Africa","01/03/2026","28/02/2027","30.00","USD","17.97","USD","539.19","USD","1350.25","60.92","USD","145380.81","Blue Falcon Trading 188 (Pty)Ltd","SA BLUP - Blue Falcon Trading 188 (Pty)Ltd - Renewal"
"Pitch","SEO Management (All) + Foundation Copy (All 10 pc) + Editorial (All 2 pc) - V2","SEO","SEO - Senior Manager","South Africa","01/03/2026","28/02/2027","12.00","USD","42.45","USD","509.44","USD","1274.33","60.92","USD","145380.81","Blue Falcon Trading 188 (Pty)Ltd","SA BLUP - Blue Falcon Trading 188 (Pty)Ltd - Renewal"
"Pitch","SEO Management (All) + Foundation Copy (All 10 pc) + Editorial (All 2 pc) - V2","SEO","SEO - Manager","India","01/03/2026","28/02/2027","40.00","USD","10.42","USD","416.90","USD","1303.80","60.92","USD","145380.81","Blue Falcon Trading 188 (Pty)Ltd","SA BLUP - Blue Falcon Trading 188 (Pty)Ltd - Renewal"
"Pitch","SEO Management (All) + Foundation Copy (All 10 pc) + Editorial (All 2 pc) - V2","SEO","SEO - Executive","South Africa","01/03/2026","28/02/2027","20.00","USD","17.97","USD","359.46","USD","900.17","60.92","USD","145380.81","Blue Falcon Trading 188 (Pty)Ltd","SA BLUP - Blue Falcon Trading 188 (Pty)Ltd - Renewal"
"Pitch","SEO Management (All) + Foundation Copy (All 10 pc) + Editorial (All 2 pc) - V2","SEO","SEO - Senior Manager","South Africa","01/03/2026","28/02/2027","128.00","USD","42.45","USD","5434.07","USD","13592.87","60.92","USD","145380.81","Blue Falcon Trading 188 (Pty)Ltd","SA BLUP - Blue Falcon Trading 188 (Pty)Ltd - Renewal"
"Pitch","SEO Management (All) + Foundation Copy (All 10 pc) + Editorial (All 2 pc) - V2","SEO","SEO - Manager","India","01/03/2026","28/02/2027","130.00","USD","10.42","USD","1354.91","USD","4237.36","60.92","USD","145380.81","Blue Falcon Trading 188 (Pty)Ltd","SA BLUP - Blue Falcon Trading 188 (Pty)Ltd - Renewal"
"Pitch","SEO Management (All) + Foundation Copy (All 10 pc) + Editorial (All 2 pc) - V2","SEO","SEO - Executive","South Africa","01/03/2026","28/02/2027","40.00","USD","17.97","USD","718.92","USD","1800.34","60.92","USD","145380.81","Blue Falcon Trading 188 (Pty)Ltd","SA BLUP - Blue Falcon Trading 188 (Pty)Ltd - Renewal"
"Pitch","SEO Management (All) + Foundation Copy (All 10 pc) + Editorial (All 2 pc) - V2","SEO","SEO - Senior Manager","South Africa","01/03/2026","28/02/2027","20.00","USD","42.45","USD","849.07","USD","2123.89","60.92","USD","145380.81","Blue Falcon Trading 188 (Pty)Ltd","SA BLUP - Blue Falcon Trading 188 (Pty)Ltd - Renewal"
"Pitch","SEO Management (All) + Foundation Copy (All 10 pc) + Editorial (All 2 pc) - V2","SEO","SEO - Manager","India","01/03/2026","28/02/2027","32.00","USD","10.42","USD","333.52","USD","1043.04","60.92","USD","145380.81","Blue Falcon Trading 188 (Pty)Ltd","SA BLUP - Blue Falcon Trading 188 (Pty)Ltd - Renewal"
"Pitch","SEO Management (All) + Foundation Copy (All 10 pc) + Editorial (All 2 pc) - V2","SEO","SEO - Manager","India","01/03/2026","28/02/2027","120.00","USD","10.42","USD","1250.69","USD","3911.41","60.92","USD","145380.81","Blue Falcon Trading 188 (Pty)Ltd","SA BLUP - Blue Falcon Trading 188 (Pty)Ltd - Renewal"
"Pitch","SEO Management (All) + Foundation Copy (All 10 pc) + Editorial (All 2 pc) - V2","Client Management","Client Management - Manager","South Africa","01/03/2026","28/02/2027","121.00","USD","30.21","USD","3654.84","USD","9138.08","60.92","USD","145380.81","Blue Falcon Trading 188 (Pty)Ltd","SA BLUP - Blue Falcon Trading 188 (Pty)Ltd - Renewal"
"Pitch","SEO Management (All) + Foundation Copy (All 10 pc) + Editorial (All 2 pc) - V2","Project Management","Project Management - Senior Director","South Africa","01/03/2026","28/02/2027","242.00","USD","58.47","USD","14149.58","USD","35389.45","60.92","USD","145380.81","Blue Falcon Trading 188 (Pty)Ltd","SA BLUP - Blue Falcon Trading 188 (Pty)Ltd - Renewal"
"Pitch","SEO Management (All) + Foundation Copy (All 10 pc) + Editorial (All 2 pc) - V2","Client Management","Client Management - Manager","South Africa","01/03/2026","28/02/2027","25.00","USD","30.21","USD","755.13","USD","1888.03","60.92","USD","145380.81","Blue Falcon Trading 188 (Pty)Ltd","SA BLUP - Blue Falcon Trading 188 (Pty)Ltd - Renewal"
"Pitch","SEO Management (All) + Foundation Copy (All 10 pc) + Editorial (All 2 pc) - V2","Project Management","Project Management - Senior Director","South Africa","01/03/2026","28/02/2027","25.00","USD","58.47","USD","1461.73","USD","3655.94","60.92","USD","145380.81","Blue Falcon Trading 188 (Pty)Ltd","SA BLUP - Blue Falcon Trading 188 (Pty)Ltd - Renewal"
"Pitch","SEO Management (All) + Foundation Copy (All 10 pc) + Editorial (All 2 pc) - V2","Client Management","Client Management - Manager","South Africa","01/03/2026","28/02/2027","25.00","USD","30.21","USD","755.13","USD","1888.03","60.92","USD","145380.81","Blue Falcon Trading 188 (Pty)Ltd","SA BLUP - Blue Falcon Trading 188 (Pty)Ltd - Renewal"
"Pitch","SEO Management (All) + Foundation Copy (All 10 pc) + Editorial (All 2 pc) - V2","Project Management","Project Management - Senior Director","South Africa","01/03/2026","28/02/2027","25.00","USD","58.47","USD","1461.73","USD","3655.94","60.92","USD","145380.81","Blue Falcon Trading 188 (Pty)Ltd","SA BLUP - Blue Falcon Trading 188 (Pty)Ltd - Renewal"
"Pitch","SEO Management (All) + Foundation Copy (All 10 pc) + Editorial (All 2 pc) - V2","Client Management","Client Management - Manager","South Africa","01/03/2026","28/02/2027","25.00","USD","30.21","USD","755.13","USD","1888.03","60.92","USD","145380.81","Blue Falcon Trading 188 (Pty)Ltd","SA BLUP - Blue Falcon Trading 188 (Pty)Ltd - Renewal"
"Pitch","SEO Management (All) + Foundation Copy (All 10 pc) + Editorial (All 2 pc) - V2","Project Management","Project Management - Senior Director","South Africa","01/03/2026","28/02/2027","25.00","USD","58.47","USD","1461.73","USD","3655.94","60.92","USD","145380.81","Blue Falcon Trading 188 (Pty)Ltd","SA BLUP - Blue Falcon Trading 188 (Pty)Ltd - Renewal"
"Pitch","SEO Management (All) + Foundation Copy (All 10 pc) + Editorial (All 2 pc) - V2","SEO","SEO - Executive","South Africa","01/03/2026","28/02/2027","48.00","USD","17.97","USD","862.70","USD","2160.41","60.92","USD","145380.81","Blue Falcon Trading 188 (Pty)Ltd","SA BLUP - Blue Falcon Trading 188 (Pty)Ltd - Renewal"
"Pitch","SEO Management (All) + Foundation Copy (All 10 pc) + Editorial (All 2 pc) - V2","SEO","SEO - Senior Manager","South Africa","01/03/2026","28/02/2027","24.00","USD","42.45","USD","1018.89","USD","2548.66","60.92","USD","145380.81","Blue Falcon Trading 188 (Pty)Ltd","SA BLUP - Blue Falcon Trading 188 (Pty)Ltd - Renewal"
"Pitch","SEO Management (All) + Foundation Copy (All 10 pc) + Editorial (All 2 pc) - V2","SEO","SEO - Executive","South Africa","01/03/2026","28/02/2027","48.00","USD","17.97","USD","862.70","USD","2160.41","60.92","USD","145380.81","Blue Falcon Trading 188 (Pty)Ltd","SA BLUP - Blue Falcon Trading 188 (Pty)Ltd - Renewal"
"Pitch","SEO Management (All) + Foundation Copy (All 10 pc) + Editorial (All 2 pc) - V2","SEO","SEO - Executive","South Africa","01/03/2026","28/02/2027","36.00","USD","17.97","USD","647.03","USD","1620.30","60.92","USD","145380.81","Blue Falcon Trading 188 (Pty)Ltd","SA BLUP - Blue Falcon Trading 188 (Pty)Ltd - Renewal"
"Pitch","SEO Management (All) + Foundation Copy (All 10 pc) + Editorial (All 2 pc) - V2","SEO","SEO - Manager","India","01/03/2026","28/02/2027","18.00","USD","10.42","USD","187.60","USD","586.71","60.92","USD","145380.81","Blue Falcon Trading 188 (Pty)Ltd","SA BLUP - Blue Falcon Trading 188 (Pty)Ltd - Renewal"
"Pitch","SEO Management (All) + Foundation Copy (All 10 pc) + Editorial (All 2 pc) - V2","Client Management","Client Management - Manager","South Africa","01/03/2026","28/02/2027","25.00","USD","30.21","USD","755.13","USD","1888.03","60.92","USD","145380.81","Blue Falcon Trading 188 (Pty)Ltd","SA BLUP - Blue Falcon Trading 188 (Pty)Ltd - Renewal"
"Pitch","SEO Management (All) + Foundation Copy (All 10 pc) + Editorial (All 2 pc) - V2","Project Management","Project Management - Senior Director","South Africa","01/03/2026","28/02/2027","25.00","USD","58.47","USD","1461.73","USD","3655.94","60.92","USD","145380.81","Blue Falcon Trading 188 (Pty)Ltd","SA BLUP - Blue Falcon Trading 188 (Pty)Ltd - Renewal"
"Shortlisted / Final Stages","Set up, support et roadmap","CX - CRM","CX - CRM - Senior Manager","France","15/12/2025","30/11/2026","17.79","USD","127.89","USD","2275.18","USD","2898.20","21.50","USD","10485.50","BOURSORAMA","BOURSORAMA - MART002,MART001,MART003,MART006,GA360000"
"Shortlisted / Final Stages","Set up, support et roadmap","Analytics","Analytics - Manager","France","01/01/2026","17/12/2026","41.33","USD","85.98","USD","3553.42","USD","4526.34","21.50","USD","10485.50","BOURSORAMA","BOURSORAMA - MART002,MART001,MART003,MART006,GA360000"
"Shortlisted / Final Stages","Set up, support et roadmap","Analytics","Analytics - Director","France","01/01/2026","17/12/2026","40.00","USD","182.70","USD","7307.90","USD","9309.44","21.50","USD","10485.50","BOURSORAMA","BOURSORAMA - MART002,MART001,MART003,MART006,GA360000"
"Shortlisted / Final Stages","Set up, support et roadmap","CX - CRM","CX - CRM - Senior Manager","France","01/01/2026","17/12/2026","4.00","USD","127.89","USD","511.56","USD","651.65","21.50","USD","10485.50","BOURSORAMA","BOURSORAMA - MART002,MART001,MART003,MART006,GA360000"
"Shortlisted / Final Stages","Set up, support et roadmap","Analytics","Analytics - Manager","France","01/01/2026","17/12/2026","44.00","USD","85.98","USD","3782.98","USD","4818.75","21.50","USD","10485.50","BOURSORAMA","BOURSORAMA - MART002,MART001,MART003,MART006,GA360000"
"Shortlisted / Final Stages","Set up, support et roadmap","Analytics","Analytics - Director","France","01/01/2026","17/12/2026","39.27","USD","182.70","USD","7174.53","USD","9139.54","21.50","USD","10485.50","BOURSORAMA","BOURSORAMA - MART002,MART001,MART003,MART006,GA360000"
"Shortlisted / Final Stages","Set up, support et roadmap","Analytics","Analytics - Manager","France","01/01/2026","17/12/2026","12.00","USD","85.98","USD","1031.72","USD","1314.21","21.50","USD","10485.50","BOURSORAMA","BOURSORAMA - MART002,MART001,MART003,MART006,GA360000"
"Shortlisted / Final Stages","Set up, support et roadmap","CX - CRM","CX - CRM - Senior Manager","France","01/01/2026","17/12/2026","10.00","USD","127.89","USD","1278.91","USD","1629.12","21.50","USD","10485.50","BOURSORAMA","BOURSORAMA - MART002,MART001,MART003,MART006,GA360000"
"Shortlisted / Final Stages","Set up, support et roadmap","Analytics","Analytics - Senior Manager","France","15/12/2025","30/11/2026","10.00","USD","127.89","USD","1278.91","USD","1629.12","21.50","USD","10485.50","BOURSORAMA","BOURSORAMA - MART002,MART001,MART003,MART006,GA360000"
"Shortlisted / Final Stages","Set up, support et roadmap","Analytics","Analytics - Manager","France","15/12/2025","30/11/2026","35.59","USD","85.98","USD","3059.91","USD","3897.71","21.50","USD","10485.50","BOURSORAMA","BOURSORAMA - MART002,MART001,MART003,MART006,GA360000"
"Shortlisted / Final Stages","Set up, support et roadmap","Analytics","Analytics - Director","France","15/12/2025","30/11/2026","35.00","USD","182.70","USD","6394.41","USD","8145.76","21.50","USD","10485.50","BOURSORAMA","BOURSORAMA - MART002,MART001,MART003,MART006,GA360000"
"Shortlisted / Final Stages","Set up, support et roadmap","CX - CRM","CX - CRM - Senior Manager","France","15/12/2025","30/11/2026","5.00","USD","127.89","USD","639.45","USD","814.56","21.50","USD","10485.50","BOURSORAMA","BOURSORAMA - MART002,MART001,MART003,MART006,GA360000"
"Scoping / Engagement","Calzedonia Japan 2026 Paid Media Managed Services Retainer Renewal","Client Management","Client Management - Manager","Japan","01/01/2026","31/12/2026","540.00","USD","51.69","USD","27912.48","USD","38312.07","48.48","USD","210535.95","Calzedonia Japan","JP CALD - Calzedonia Japan - Calzedonia Japan 2026 Retainer"
"Scoping / Engagement","Calzedonia Japan 2026 Paid Media Managed Services Retainer Renewal","Project Management","Project Management - Manager","Japan","01/01/2026","31/12/2026","360.00","USD","39.10","USD","14076.04","USD","19321.17","48.48","USD","210535.95","Calzedonia Japan","JP CALD - Calzedonia Japan - Calzedonia Japan 2026 Retainer"
"Scoping / Engagement","Calzedonia Japan 2026 Paid Media Managed Services Retainer Renewal","Media Strategy","Media Strategy - Director","Japan","01/01/2026","31/12/2026","90.00","USD","132.63","USD","11936.39","USD","9391.05","48.48","USD","210535.95","Calzedonia Japan","JP CALD - Calzedonia Japan - Calzedonia Japan 2026 Retainer"
"Scoping / Engagement","Calzedonia Japan 2026 Paid Media Managed Services Retainer Renewal","Media Strategy","Media Strategy - Manager","Japan","01/01/2026","31/12/2026","360.00","USD","40.43","USD","14555.01","USD","25393.14","48.48","USD","210535.95","Calzedonia Japan","JP CALD - Calzedonia Japan - Calzedonia Japan 2026 Retainer"
"Scoping / Engagement","Calzedonia Japan 2026 Paid Media Managed Services Retainer Renewal","Programmatic","Programmatic - Director","Japan","01/01/2026","31/12/2026","270.00","USD","71.09","USD","19194.59","USD","26345.05","48.48","USD","210535.95","Calzedonia Japan","JP CALD - Calzedonia Japan - Calzedonia Japan 2026 Retainer"
"Scoping / Engagement","Calzedonia Japan 2026 Paid Media Managed Services Retainer Renewal","Programmatic","Programmatic - Senior Manager","Japan","01/01/2026","31/12/2026","630.00","USD","60.43","USD","38069.27","USD","52251.86","48.48","USD","210535.95","Calzedonia Japan","JP CALD - Calzedonia Japan - Calzedonia Japan 2026 Retainer"
"Scoping / Engagement","Calzedonia Japan 2026 Paid Media Managed Services Retainer Renewal","Paid Search","Paid Search - Manager","Japan","01/01/2026","31/12/2026","450.00","USD","48.48","USD","21817.44","USD","29945.66","48.48","USD","210535.95","Calzedonia Japan","JP CALD - Calzedonia Japan - Calzedonia Japan 2026 Retainer"
"Scoping / Engagement","Calzedonia Japan 2026 Paid Media Managed Services Retainer Renewal","Paid Search","Paid Search - Executive","Japan","01/01/2026","31/12/2026","720.00","USD","9.48","USD","6827.38","USD","36160.50","48.48","USD","210535.95","Calzedonia Japan","JP CALD - Calzedonia Japan - Calzedonia Japan 2026 Retainer"
"Scoping / Engagement","Calzedonia Japan 2026 Paid Media Managed Services Retainer Renewal","Paid Search","Paid Search - Manager","Japan","01/01/2026","31/12/2026","450.00","USD","48.48","USD","21817.44","USD","29945.66","48.48","USD","210535.95","Calzedonia Japan","JP CALD - Calzedonia Japan - Calzedonia Japan 2026 Retainer"
"Scoping / Engagement","Calzedonia Japan 2026 Paid Media Managed Services Retainer Renewal","Paid Social","Paid Social - Executive","Japan","01/01/2026","31/12/2026","720.00","USD","8.57","USD","6173.77","USD","36898.64","48.48","USD","210535.95","Calzedonia Japan","JP CALD - Calzedonia Japan - Calzedonia Japan 2026 Retainer"
"Scoping / Engagement","Calzedonia Japan 2026 Paid Media Managed Services Retainer Renewal","Programmatic","Programmatic - Executive","Japan","01/01/2026","31/12/2026","1800.00","USD","8.57","USD","15434.43","USD","90401.25","48.48","USD","210535.95","Calzedonia Japan","JP CALD - Calzedonia Japan - Calzedonia Japan 2026 Retainer"
"Scoping / Engagement","Calzedonia Japan 2026 Paid Media Managed Services Retainer Renewal","Investment Analytics","Investment Analytics - Senior Manager","Japan","01/01/2026","31/12/2026","270.00","USD","81.75","USD","22073.77","USD","34624.50","48.48","USD","210535.95","Calzedonia Japan","JP CALD - Calzedonia Japan - Calzedonia Japan 2026 Retainer"
"Scoping / Engagement","Calzedonia Japan 2026 Paid Media Managed Services Retainer Renewal","Analytics","Analytics - Senior Manager","Japan","01/01/2026","31/12/2026","60.00","USD","64.13","USD","3847.79","USD","5281.22","48.48","USD","210535.95","Calzedonia Japan","JP CALD - Calzedonia Japan - Calzedonia Japan 2026 Retainer"
"Contract Negotiation","Analytics Support - 3 Months","Analytics","Analytics - Director","Australia","02/02/2026","01/05/2026","3.00","USD","75.79","USD","227.36","USD","798.17","76.56","USD","5792.66","City Recital Hall Limited","AU CITM - City Recital Hall Limited - Analytics Retainer 2026"
"Contract Negotiation","Analytics Support - 3 Months","Analytics","Analytics - Director","Australia","02/02/2026","01/05/2026","2.00","USD","75.79","USD","151.57","USD","532.11","76.56","USD","5792.66","City Recital Hall Limited","AU CITM - City Recital Hall Limited - Analytics Retainer 2026"
"Contract Negotiation","Analytics Support - 3 Months","Analytics","Analytics - Senior Manager","Australia","02/02/2026","01/05/2026","1.00","USD","66.27","USD","66.27","USD","242.58","76.56","USD","5792.66","City Recital Hall Limited","AU CITM - City Recital Hall Limited - Analytics Retainer 2026"
"Contract Negotiation","Analytics Support - 3 Months","Analytics","Analytics - Manager","Australia","02/02/2026","01/05/2026","10.00","USD","44.43","USD","444.32","USD","1762.53","76.56","USD","5792.66","City Recital Hall Limited","AU CITM - City Recital Hall Limited - Analytics Retainer 2026"
"Contract Negotiation","Analytics Support - 3 Months","Analytics","Analytics - Executive","Australia","02/02/2026","01/05/2026","10.00","USD","8.72","USD","87.20","USD","1352.64","76.56","USD","5792.66","City Recital Hall Limited","AU CITM - City Recital Hall Limited - Analytics Retainer 2026"
"Contract Negotiation","Analytics Support - 3 Months","Client Management","Client Management - Director","Australia","02/02/2026","01/05/2026","1.00","USD","67.04","USD","67.04","USD","230.84","76.56","USD","5792.66","City Recital Hall Limited","AU CITM - City Recital Hall Limited - Analytics Retainer 2026"
"Contract Negotiation","Analytics Support - 3 Months","Client Management","Client Management - Senior Manager","Australia","02/02/2026","01/05/2026","4.00","USD","61.59","USD","246.35","USD","845.12","76.56","USD","5792.66","City Recital Hall Limited","AU CITM - City Recital Hall Limited - Analytics Retainer 2026"
"Contract Negotiation","Analytics Support - 3 Months","Project Management","Project Management - Director","Australia","02/02/2026","01/05/2026","1.00","USD","64.20","USD","64.20","USD","211.28","76.56","USD","5792.66","City Recital Hall Limited","AU CITM - City Recital Hall Limited - Analytics Retainer 2026"
"Contract Negotiation","Analytics Support - 3 Months","Project Management","Project Management - Senior Manager","Australia","02/02/2026","01/05/2026","1.00","USD","53.50","USD","53.50","USD","191.72","76.56","USD","5792.66","City Recital Hall Limited","AU CITM - City Recital Hall Limited - Analytics Retainer 2026"
"Contract Negotiation","Analytics Support - 3 Months","Analytics","Analytics - Senior Manager","Australia","02/02/2026","01/05/2026","1.00","USD","66.27","USD","66.27","USD","242.58","76.56","USD","5792.66","City Recital Hall Limited","AU CITM - City Recital Hall Limited - Analytics Retainer 2026"
"Contract Negotiation","Analytics Support - 3 Months","Analytics","Analytics - Manager","Australia","02/02/2026","01/05/2026","1.00","USD","44.43","USD","44.43","USD","176.25","76.56","USD","5792.66","City Recital Hall Limited","AU CITM - City Recital Hall Limited - Analytics Retainer 2026"
"Contract Negotiation","Analytics Support - 3 Months","Analytics","Analytics - Executive","Australia","02/02/2026","01/05/2026","1.00","USD","8.72","USD","8.72","USD","135.26","76.56","USD","5792.66","City Recital Hall Limited","AU CITM - City Recital Hall Limited - Analytics Retainer 2026"
"Contract Negotiation","Analytics Support - 3 Months","Client Management","Client Management - Director","Australia","02/02/2026","01/05/2026","1.00","USD","67.04","USD","67.04","USD","230.84","76.56","USD","5792.66","City Recital Hall Limited","AU CITM - City Recital Hall Limited - Analytics Retainer 2026"
"Contract Negotiation","Analytics Support - 3 Months","Client Management","Client Management - Senior Manager","Australia","02/02/2026","01/05/2026","1.00","USD","61.59","USD","61.59","USD","211.28","76.56","USD","5792.66","City Recital Hall Limited","AU CITM - City Recital Hall Limited - Analytics Retainer 2026"
"Contract Negotiation","Analytics Support - 3 Months","Project Management","Project Management - Director","Australia","02/02/2026","01/05/2026","1.00","USD","64.20","USD","64.20","USD","211.28","76.56","USD","5792.66","City Recital Hall Limited","AU CITM - City Recital Hall Limited - Analytics Retainer 2026"
"Contract Negotiation","Analytics Support - 3 Months","Project Management","Project Management - Senior Manager","Australia","02/02/2026","01/05/2026","1.00","USD","53.50","USD","53.50","USD","191.72","76.56","USD","5792.66","City Recital Hall Limited","AU CITM - City Recital Hall Limited - Analytics Retainer 2026"
"Contract Negotiation","Colgate Palmolive Pencil Production Estimate","AI Studios","AI Studios - Senior Manager","Mexico","03/11/2025","31/12/2025","40.00","USD","56.91","USD","2276.40","USD","3480.00","29.80","USD","13967.45","Colgate-Palmolive","Colgate-Palmolive - CREX014"
"Contract Negotiation","Colgate Palmolive Pencil Production Estimate","AI Studios","AI Studios - Senior Manager","Mexico","03/11/2025","31/12/2025","40.00","USD","56.91","USD","2276.40","USD","3480.00","29.80","USD","13967.45","Colgate-Palmolive","Colgate-Palmolive - CREX014"
"Contract Negotiation","Colgate Palmolive Pencil Production Estimate","AI Studios","AI Studios - Senior Manager","Mexico","03/11/2025","31/12/2025","140.00","USD","56.91","USD","7967.40","USD","12180.00","29.80","USD","13967.45","Colgate-Palmolive","Colgate-Palmolive - CREX014"
"Contract Negotiation","Colgate Palmolive Pencil Production Estimate","AI Studios","AI Studios - Director","Mexico","03/11/2025","31/12/2025","40.00","USD","81.30","USD","3252.00","USD","4160.00","29.80","USD","13967.45","Colgate-Palmolive","Colgate-Palmolive - CREX014"
"Contract Negotiation","Colgate Palmolive Pencil Production Estimate","AI Studios","AI Studios - Director","United Kingdom","03/11/2025","31/12/2025","55.00","USD","137.18","USD","7544.90","USD","10340.00","29.80","USD","13967.45","Colgate-Palmolive","Colgate-Palmolive - CREX014"
"Contract Negotiation","Colgate Palmolive Pencil Production Estimate","AI Studios","AI Studios - Senior Manager","United States","03/11/2025","31/12/2025","15.00","USD","152.15","USD","2282.25","USD","2910.00","29.80","USD","13967.45","Colgate-Palmolive","Colgate-Palmolive - CREX014"
"Contract Negotiation","Colgate Palmolive Pencil Production Estimate","Client Management","Client Management - Senior Manager","United States","03/11/2025","31/12/2025","18.00","USD","152.15","USD","2738.70","USD","4500.00","29.80","USD","13967.45","Colgate-Palmolive","Colgate-Palmolive - CREX014"
"Contract Negotiation","Colgate Palmolive Pencil Production Estimate","Integrated Production","Integrated Production - Senior Manager","United States","03/11/2025","31/12/2025","30.00","USD","152.15","USD","4564.50","USD","5820.00","29.80","USD","13967.45","Colgate-Palmolive","Colgate-Palmolive - CREX014"
"Scoping / Engagement","COSN USA Paid Media Management","Media Strategy","Media Strategy - Manager","Spain","01/01/2026","31/12/2026","183.75","USD","74.40","USD","13671.00","USD","12712.74","22.02","USD","43982.34","Cosnova GmbH","DE COSN - Cosnova GmbH - Managemnt of US paid media"
"Scoping / Engagement","COSN USA Paid Media Management","Paid Media","Paid Media - Manager","United States","01/01/2026","31/12/2026","796.80","USD","73.56","USD","58612.61","USD","100428.67","22.02","USD","43982.34","Cosnova GmbH","DE COSN - Cosnova GmbH - Managemnt of US paid media"
"Scoping / Engagement","COSN USA Paid Media Management","Project Management","Project Management - Senior Manager","Brazil","01/01/2026","31/12/2026","313.20","USD","95.02","USD","29760.26","USD","10298.02","22.02","USD","43982.34","Cosnova GmbH","DE COSN - Cosnova GmbH - Managemnt of US paid media"
"Scoping / Engagement","COSN USA Paid Media Management","Investment Analytics","Investment Analytics - Director","United Kingdom","01/01/2026","31/12/2026","189.00","USD","150.71","USD","28484.19","USD","33013.58","22.02","USD","43982.34","Cosnova GmbH","DE COSN - Cosnova GmbH - Managemnt of US paid media"
"Scoping / Engagement","COSN USA Paid Media Management","Client Management","Client Management - Senior Director","United States","01/01/2026","31/12/2026","170.00","USD","148.60","USD","25262.00","USD","43319.40","22.02","USD","43982.34","Cosnova GmbH","DE COSN - Cosnova GmbH - Managemnt of US paid media"
"Scoping / Engagement","COTY Pencil Production V1","AI Studios","AI Studios - Senior Manager","United Kingdom","01/04/2025","31/03/2026","422.50","USD","104.88","USD","44312.42","USD","56446.32","45.66","USD","216058.83","Coty Global","Coty Global - PENC000"
"Scoping / Engagement","COTY Pencil Production V1","Client Management","Client Management - Director","France","01/04/2025","31/03/2026","135.00","USD","152.25","USD","20554.02","USD","26183.07","45.66","USD","216058.83","Coty Global","Coty Global - PENC000"
"Contract Negotiation","Change Request #2  To David Jones Limited GA360 SOW 25/26","Analytics","Analytics - Senior Manager","Australia","09/02/2026","31/05/2026","10.00","USD","66.27","USD","662.68","USD","2425.81","74.22","USD","11055.54","David Jones","David Jones - MART003 - David Jones GA360 Tech Fee & Retainer support 25/26 - Change Request"
"Contract Negotiation","Change Request #2  To David Jones Limited GA360 SOW 25/26","Analytics","Analytics - Director","Australia","09/02/2026","31/05/2026","10.00","USD","75.79","USD","757.85","USD","2660.57","74.22","USD","11055.54","David Jones","David Jones - MART003 - David Jones GA360 Tech Fee & Retainer support 25/26 - Change Request"
"Contract Negotiation","Change Request #2  To David Jones Limited GA360 SOW 25/26","Analytics","Analytics - Manager","Australia","09/02/2026","31/05/2026","13.50","USD","44.43","USD","599.84","USD","2379.42","74.22","USD","11055.54","David Jones","David Jones - MART003 - David Jones GA360 Tech Fee & Retainer support 25/26 - Change Request"
"Contract Negotiation","Change Request #2  To David Jones Limited GA360 SOW 25/26","Analytics","Analytics - Executive","Australia","09/02/2026","31/05/2026","12.00","USD","8.72","USD","104.63","USD","1623.17","74.22","USD","11055.54","David Jones","David Jones - MART003 - David Jones GA360 Tech Fee & Retainer support 25/26 - Change Request"
"Contract Negotiation","Change Request #2  To David Jones Limited GA360 SOW 25/26","Client Management","Client Management - Director","Australia","09/02/2026","31/05/2026","16.00","USD","67.04","USD","1072.69","USD","3693.50","74.22","USD","11055.54","David Jones","David Jones - MART003 - David Jones GA360 Tech Fee & Retainer support 25/26 - Change Request"
"Contract Negotiation","Change Request #2  To David Jones Limited GA360 SOW 25/26","Project Management","Project Management - Director","Australia","09/02/2026","31/05/2026","10.00","USD","64.20","USD","642.04","USD","2112.80","74.22","USD","11055.54","David Jones","David Jones - MART003 - David Jones GA360 Tech Fee & Retainer support 25/26 - Change Request"
"Contract Negotiation","David Jones GA4 Data Ingestion to Snowflake Consulting","","Cloud - Senior Manager","Australia","01/01/2026","31/03/2026","5.00","USD","72.95","USD","364.77","USD","1155.15","69.02","USD","9181.86","David Jones","David Jones - MART021 - David Jones - GA4 & Snowplow data integration - H2 2025"
"Contract Negotiation","David Jones GA4 Data Ingestion to Snowflake Consulting","","Cloud - Senior Manager","Australia","01/01/2026","31/03/2026","15.00","USD","72.95","USD","1094.30","USD","3465.45","69.02","USD","9181.86","David Jones","David Jones - MART021 - David Jones - GA4 & Snowplow data integration - H2 2025"
"Contract Negotiation","David Jones GA4 Data Ingestion to Snowflake Consulting","","Analytics - Director","Australia","01/01/2026","31/03/2026","5.00","USD","75.79","USD","378.93","USD","1266.94","69.02","USD","9181.86","David Jones","David Jones - MART021 - David Jones - GA4 & Snowplow data integration - H2 2025"
"Contract Negotiation","David Jones GA4 Data Ingestion to Snowflake Consulting","","Cloud - Senior Manager","Australia","01/01/2026","31/03/2026","5.00","USD","72.95","USD","364.77","USD","1155.15","69.02","USD","9181.86","David Jones","David Jones - MART021 - David Jones - GA4 & Snowplow data integration - H2 2025"
"Contract Negotiation","David Jones GA4 Data Ingestion to Snowflake Consulting","","Cloud - Senior Manager","Australia","01/01/2026","31/03/2026","1.00","USD","72.95","USD","72.95","USD","231.03","69.02","USD","9181.86","David Jones","David Jones - MART021 - David Jones - GA4 & Snowplow data integration - H2 2025"
"Contract Negotiation","David Jones GA4 Data Ingestion to Snowflake Consulting","","Analytics - Director","Australia","01/01/2026","31/03/2026","5.00","USD","75.79","USD","378.93","USD","1266.94","69.02","USD","9181.86","David Jones","David Jones - MART021 - David Jones - GA4 & Snowplow data integration - H2 2025"
"Contract Negotiation","David Jones GA4 Data Ingestion to Snowflake Consulting","","Cloud - Senior Manager","Australia","01/01/2026","31/03/2026","5.00","USD","72.95","USD","364.77","USD","1155.15","69.02","USD","9181.86","David Jones","David Jones - MART021 - David Jones - GA4 & Snowplow data integration - H2 2025"
"Contract Negotiation","David Jones GA4 Data Ingestion to Snowflake Consulting","","Client Management - Director","Australia","01/01/2026","31/03/2026","3.00","USD","67.04","USD","201.13","USD","659.55","69.02","USD","9181.86","David Jones","David Jones - MART021 - David Jones - GA4 & Snowplow data integration - H2 2025"
"Contract Negotiation","David Jones GA4 Data Ingestion to Snowflake Consulting","","Client Management - Director","Australia","01/01/2026","31/03/2026","3.00","USD","67.04","USD","201.13","USD","659.55","69.02","USD","9181.86","David Jones","David Jones - MART021 - David Jones - GA4 & Snowplow data integration - H2 2025"
"Contract Negotiation","David Jones GA4 Data Ingestion to Snowflake Consulting","","Cloud - Senior Manager","Australia","01/01/2026","31/03/2026","5.00","USD","72.95","USD","364.77","USD","1155.15","69.02","USD","9181.86","David Jones","David Jones - MART021 - David Jones - GA4 & Snowplow data integration - H2 2025"
"Contract Negotiation","David Jones GA4 Data Ingestion to Snowflake Consulting","","Project Management - Senior Manager","Australia","01/01/2026","31/03/2026","5.00","USD","53.50","USD","267.51","USD","912.94","69.02","USD","9181.86","David Jones","David Jones - MART021 - David Jones - GA4 & Snowplow data integration - H2 2025"
"Contract Negotiation","David Jones GA4 Data Ingestion to Snowflake Consulting","","Client Management - Director","Australia","01/01/2026","31/03/2026","1.00","USD","67.04","USD","67.04","USD","219.85","69.02","USD","9181.86","David Jones","David Jones - MART021 - David Jones - GA4 & Snowplow data integration - H2 2025"
"Shortlisted / Final Stages","David Jones Launch Darkly Integration with sGTM 2025/2026","Analytics","Analytics - Senior Manager","Australia","05/01/2026","31/03/2026","2.00","USD","66.27","USD","132.54","USD","485.16","72.33","USD","20325.59","David Jones","David Jones - MART021 - David Jones sGTM Migration & Launch Darkly platform set up H2 2025"
"Shortlisted / Final Stages","David Jones Launch Darkly Integration with sGTM 2025/2026","Analytics","Analytics - Director","Australia","05/01/2026","31/03/2026","3.00","USD","75.79","USD","227.36","USD","798.17","72.33","USD","20325.59","David Jones","David Jones - MART021 - David Jones sGTM Migration & Launch Darkly platform set up H2 2025"
"Shortlisted / Final Stages","David Jones Launch Darkly Integration with sGTM 2025/2026","Analytics","Analytics - Senior Manager","Australia","05/01/2026","31/03/2026","3.00","USD","66.27","USD","198.80","USD","727.74","72.33","USD","20325.59","David Jones","David Jones - MART021 - David Jones sGTM Migration & Launch Darkly platform set up H2 2025"
"Shortlisted / Final Stages","David Jones Launch Darkly Integration with sGTM 2025/2026","Analytics","Analytics - Director","Australia","05/01/2026","31/03/2026","2.00","USD","75.79","USD","151.57","USD","532.11","72.33","USD","20325.59","David Jones","David Jones - MART021 - David Jones sGTM Migration & Launch Darkly platform set up H2 2025"
"Shortlisted / Final Stages","David Jones Launch Darkly Integration with sGTM 2025/2026","Analytics","Analytics - Senior Manager","Australia","05/01/2026","31/03/2026","6.00","USD","66.27","USD","397.61","USD","1455.49","72.33","USD","20325.59","David Jones","David Jones - MART021 - David Jones sGTM Migration & Launch Darkly platform set up H2 2025"
"Shortlisted / Final Stages","David Jones Launch Darkly Integration with sGTM 2025/2026","Analytics","Analytics - Director","Australia","05/01/2026","31/03/2026","1.00","USD","75.79","USD","75.79","USD","266.06","72.33","USD","20325.59","David Jones","David Jones - MART021 - David Jones sGTM Migration & Launch Darkly platform set up H2 2025"
"Shortlisted / Final Stages","David Jones Launch Darkly Integration with sGTM 2025/2026","Analytics","Analytics - Senior Manager","Australia","05/01/2026","31/03/2026","4.00","USD","66.27","USD","265.07","USD","970.33","72.33","USD","20325.59","David Jones","David Jones - MART021 - David Jones sGTM Migration & Launch Darkly platform set up H2 2025"
"Shortlisted / Final Stages","David Jones Launch Darkly Integration with sGTM 2025/2026","Analytics","Analytics - Director","Australia","05/01/2026","31/03/2026","1.00","USD","75.79","USD","75.79","USD","266.06","72.33","USD","20325.59","David Jones","David Jones - MART021 - David Jones sGTM Migration & Launch Darkly platform set up H2 2025"
"Shortlisted / Final Stages","David Jones Launch Darkly Integration with sGTM 2025/2026","Analytics","Analytics - Senior Manager","Australia","05/01/2026","31/03/2026","2.00","USD","66.27","USD","132.54","USD","485.16","72.33","USD","20325.59","David Jones","David Jones - MART021 - David Jones sGTM Migration & Launch Darkly platform set up H2 2025"
"Shortlisted / Final Stages","David Jones Launch Darkly Integration with sGTM 2025/2026","Analytics","Analytics - Director","Australia","05/01/2026","31/03/2026","5.00","USD","75.79","USD","378.93","USD","1330.28","72.33","USD","20325.59","David Jones","David Jones - MART021 - David Jones sGTM Migration & Launch Darkly platform set up H2 2025"
"Shortlisted / Final Stages","David Jones Launch Darkly Integration with sGTM 2025/2026","Analytics","Analytics - Senior Manager","Australia","05/01/2026","31/03/2026","5.00","USD","66.27","USD","331.34","USD","1212.91","72.33","USD","20325.59","David Jones","David Jones - MART021 - David Jones sGTM Migration & Launch Darkly platform set up H2 2025"
"Shortlisted / Final Stages","David Jones Launch Darkly Integration with sGTM 2025/2026","Analytics","Analytics - Director","Australia","05/01/2026","31/03/2026","1.00","USD","75.79","USD","75.79","USD","266.06","72.33","USD","20325.59","David Jones","David Jones - MART021 - David Jones sGTM Migration & Launch Darkly platform set up H2 2025"
"Shortlisted / Final Stages","David Jones Launch Darkly Integration with sGTM 2025/2026","Analytics","Analytics - Senior Manager","Australia","05/01/2026","31/03/2026","1.00","USD","66.27","USD","66.27","USD","242.58","72.33","USD","20325.59","David Jones","David Jones - MART021 - David Jones sGTM Migration & Launch Darkly platform set up H2 2025"
"Shortlisted / Final Stages","David Jones Launch Darkly Integration with sGTM 2025/2026","Analytics","Analytics - Director","Australia","05/01/2026","31/03/2026","1.00","USD","75.79","USD","75.79","USD","266.06","72.33","USD","20325.59","David Jones","David Jones - MART021 - David Jones sGTM Migration & Launch Darkly platform set up H2 2025"
"Shortlisted / Final Stages","David Jones Launch Darkly Integration with sGTM 2025/2026","Analytics","Analytics - Senior Manager","Australia","05/01/2026","31/03/2026","1.00","USD","66.27","USD","66.27","USD","242.58","72.33","USD","20325.59","David Jones","David Jones - MART021 - David Jones sGTM Migration & Launch Darkly platform set up H2 2025"
"Shortlisted / Final Stages","David Jones Launch Darkly Integration with sGTM 2025/2026","Analytics","Analytics - Director","Australia","05/01/2026","31/03/2026","1.00","USD","75.79","USD","75.79","USD","266.06","72.33","USD","20325.59","David Jones","David Jones - MART021 - David Jones sGTM Migration & Launch Darkly platform set up H2 2025"
"Shortlisted / Final Stages","David Jones Launch Darkly Integration with sGTM 2025/2026","Analytics","Analytics - Senior Manager","Australia","05/01/2026","31/03/2026","3.00","USD","66.27","USD","198.80","USD","727.74","72.33","USD","20325.59","David Jones","David Jones - MART021 - David Jones sGTM Migration & Launch Darkly platform set up H2 2025"
"Shortlisted / Final Stages","David Jones Launch Darkly Integration with sGTM 2025/2026","Analytics","Analytics - Director","Australia","05/01/2026","31/03/2026","2.00","USD","75.79","USD","151.57","USD","532.11","72.33","USD","20325.59","David Jones","David Jones - MART021 - David Jones sGTM Migration & Launch Darkly platform set up H2 2025"
"Shortlisted / Final Stages","David Jones Launch Darkly Integration with sGTM 2025/2026","Analytics","Analytics - Senior Manager","Australia","05/01/2026","31/03/2026","8.00","USD","66.27","USD","530.15","USD","1940.65","72.33","USD","20325.59","David Jones","David Jones - MART021 - David Jones sGTM Migration & Launch Darkly platform set up H2 2025"
"Shortlisted / Final Stages","David Jones Launch Darkly Integration with sGTM 2025/2026","Analytics","Analytics - Director","Australia","05/01/2026","31/03/2026","1.00","USD","75.79","USD","75.79","USD","266.06","72.33","USD","20325.59","David Jones","David Jones - MART021 - David Jones sGTM Migration & Launch Darkly platform set up H2 2025"
"Shortlisted / Final Stages","David Jones Launch Darkly Integration with sGTM 2025/2026","Analytics","Analytics - Senior Manager","Australia","05/01/2026","31/03/2026","3.00","USD","66.27","USD","198.80","USD","727.74","72.33","USD","20325.59","David Jones","David Jones - MART021 - David Jones sGTM Migration & Launch Darkly platform set up H2 2025"
"Shortlisted / Final Stages","David Jones Launch Darkly Integration with sGTM 2025/2026","Analytics","Analytics - Director","Australia","05/01/2026","31/03/2026","3.00","USD","75.79","USD","227.36","USD","798.17","72.33","USD","20325.59","David Jones","David Jones - MART021 - David Jones sGTM Migration & Launch Darkly platform set up H2 2025"
"Shortlisted / Final Stages","David Jones Launch Darkly Integration with sGTM 2025/2026","Analytics","Analytics - Senior Manager","Australia","05/01/2026","31/03/2026","7.00","USD","66.27","USD","463.88","USD","1698.07","72.33","USD","20325.59","David Jones","David Jones - MART021 - David Jones sGTM Migration & Launch Darkly platform set up H2 2025"
"Shortlisted / Final Stages","David Jones Launch Darkly Integration with sGTM 2025/2026","Analytics","Analytics - Director","Australia","05/01/2026","31/03/2026","1.00","USD","75.79","USD","75.79","USD","266.06","72.33","USD","20325.59","David Jones","David Jones - MART021 - David Jones sGTM Migration & Launch Darkly platform set up H2 2025"
"Shortlisted / Final Stages","David Jones Launch Darkly Integration with sGTM 2025/2026","Analytics","Analytics - Director","Australia","05/01/2026","31/03/2026","1.00","USD","75.79","USD","75.79","USD","266.06","72.33","USD","20325.59","David Jones","David Jones - MART021 - David Jones sGTM Migration & Launch Darkly platform set up H2 2025"
"Shortlisted / Final Stages","David Jones Launch Darkly Integration with sGTM 2025/2026","Analytics","Analytics - Senior Manager","Australia","05/01/2026","31/03/2026","4.00","USD","66.27","USD","265.07","USD","970.33","72.33","USD","20325.59","David Jones","David Jones - MART021 - David Jones sGTM Migration & Launch Darkly platform set up H2 2025"
"Shortlisted / Final Stages","David Jones Launch Darkly Integration with sGTM 2025/2026","Analytics","Analytics - Director","Australia","05/01/2026","31/03/2026","5.00","USD","75.79","USD","378.93","USD","1330.28","72.33","USD","20325.59","David Jones","David Jones - MART021 - David Jones sGTM Migration & Launch Darkly platform set up H2 2025"
"Shortlisted / Final Stages","David Jones Launch Darkly Integration with sGTM 2025/2026","Analytics","Analytics - Manager","Australia","05/01/2026","31/03/2026","5.00","USD","44.43","USD","222.16","USD","881.27","72.33","USD","20325.59","David Jones","David Jones - MART021 - David Jones sGTM Migration & Launch Darkly platform set up H2 2025"
"Shortlisted / Final Stages","David Jones Launch Darkly Integration with sGTM 2025/2026","Client Management","Client Management - Director","Australia","05/01/2026","31/03/2026","5.00","USD","67.04","USD","335.22","USD","1154.22","72.33","USD","20325.59","David Jones","David Jones - MART021 - David Jones sGTM Migration & Launch Darkly platform set up H2 2025"
"Shortlisted / Final Stages","David Jones Launch Darkly Integration with sGTM 2025/2026","Client Management","Client Management - Director","Australia","05/01/2026","31/03/2026","20.00","USD","67.04","USD","1340.87","USD","4616.87","72.33","USD","20325.59","David Jones","David Jones - MART021 - David Jones sGTM Migration & Launch Darkly platform set up H2 2025"
"Shortlisted / Final Stages","David Jones Launch Darkly Integration with sGTM 2025/2026","Project Management","Project Management - Manager","Australia","05/01/2026","31/03/2026","10.00","USD","50.83","USD","508.27","USD","2112.80","72.33","USD","20325.59","David Jones","David Jones - MART021 - David Jones sGTM Migration & Launch Darkly platform set up H2 2025"
"Prospect","TEVA | Switchboard Scope | FY27 Q1","Analytics","Analytics - Executive","India","01/04/2026","31/03/2027","10.00","USD","30.46","USD","304.56","USD","247.50","56.99","USD","4940.38","Deckers Europe Regional Office","UK DECM - Deckers Europe Regional Office - TEVA Switchboard Build"
"Prospect","TEVA | Switchboard Scope | FY27 Q1","Paid Search","Paid Search - Senior Manager","United Kingdom","01/04/2026","31/03/2027","15.00","USD","48.95","USD","734.25","USD","1835.63","56.99","USD","4940.38","Deckers Europe Regional Office","UK DECM - Deckers Europe Regional Office - TEVA Switchboard Build"
"Prospect","TEVA | Switchboard Scope | FY27 Q1","Analytics","Analytics - Senior Manager","United Kingdom","01/04/2026","31/03/2027","25.00","USD","71.06","USD","1776.50","USD","4468.75","56.99","USD","4940.38","Deckers Europe Regional Office","UK DECM - Deckers Europe Regional Office - TEVA Switchboard Build"
"Prospect","TEVA | Switchboard Scope | FY27 Q1","Analytics","Analytics - Executive","India","01/04/2026","31/03/2027","30.00","USD","30.46","USD","913.69","USD","742.50","56.99","USD","4940.38","Deckers Europe Regional Office","UK DECM - Deckers Europe Regional Office - TEVA Switchboard Build"
"Prospect","TEVA | Switchboard Scope | FY27 Q1","","Flex Pool","United Kingdom","01/04/2026","31/03/2027","10.00","USD","0.00","USD","0.00","USD","1375.00","56.99","USD","4940.38","Deckers Europe Regional Office","UK DECM - Deckers Europe Regional Office - TEVA Switchboard Build"
"Prospect","UGG DCO Estimate","Integrated Production","Integrated Production - Senior Manager","United States","22/09/2025","31/10/2025","18.00","USD","152.15","USD","2738.70","USD","3488.76","21.50","USD","5400.82","Deckers US Global Headquarters","Deckers US Global Headquarters - CREX008"
"Prospect","UGG DCO Estimate","AI Studios","AI Studios - Manager","Mexico","22/09/2025","31/10/2025","50.00","USD","38.26","USD","1913.00","USD","2437.00","21.50","USD","5400.82","Deckers US Global Headquarters","Deckers US Global Headquarters - CREX008"
"Prospect","UGG DCO Estimate","AI Studios","AI Studios - Director","Mexico","22/09/2025","31/10/2025","20.00","USD","81.30","USD","1626.00","USD","2071.20","21.50","USD","5400.82","Deckers US Global Headquarters","Deckers US Global Headquarters - CREX008"
"Prospect","UGG DCO Estimate","AI Studios","AI Studios - Director","Netherlands","22/09/2025","31/10/2025","8.00","USD","131.29","USD","1050.32","USD","1338.00","21.50","USD","5400.82","Deckers US Global Headquarters","Deckers US Global Headquarters - CREX008"
"Prospect","UGG DCO Estimate","Integrated Production","Integrated Production - Senior Manager","United States","22/09/2025","31/10/2025","18.00","USD","152.15","USD","2738.70","USD","3488.76","21.50","USD","5400.82","Deckers US Global Headquarters","Deckers US Global Headquarters - CREX008"
"Prospect","UGG DCO Estimate","AI Studios","AI Studios - Director","Netherlands","22/09/2025","31/10/2025","64.00","USD","131.29","USD","8402.56","USD","10704.00","21.50","USD","5400.82","Deckers US Global Headquarters","Deckers US Global Headquarters - CREX008"
"Prospect","UGG DCO Estimate","Creative Collective","Creative Collective - Senior Manager","India","22/09/2025","31/10/2025","38.00","USD","32.88","USD","1249.44","USD","1591.82","21.50","USD","5400.82","Deckers US Global Headquarters","Deckers US Global Headquarters - CREX008"
"Contract Negotiation","CM Tech, Activation & Support 04 Feb 26 - 03 Feb 27","Account Management","Account Management - Executive","United States","04/02/2026","03/02/2027","4.51","USD","44.14","USD","199.07","USD","500.61","93.95","USD","26312.50","DVK Marketing","US DVKM - DVK Marketing - DVK Marketing - CM - 2026"
"Contract Negotiation","CM Tech, Activation & Support 04 Feb 26 - 03 Feb 27","Project Management","Project Management - Senior Manager","United States","04/02/2026","03/02/2027","1.06","USD","28.13","USD","29.82","USD","252.28","93.95","USD","26312.50","DVK Marketing","US DVKM - DVK Marketing - DVK Marketing - CM - 2026"
"Contract Negotiation","CM Tech, Activation & Support 04 Feb 26 - 03 Feb 27","AdTech Solutions","AdTech Solutions - Senior Director","United States","04/02/2026","03/02/2027","0.34","USD","147.12","USD","50.02","USD","125.12","93.95","USD","26312.50","DVK Marketing","US DVKM - DVK Marketing - DVK Marketing - CM - 2026"
"Contract Negotiation","CM Tech, Activation & Support 04 Feb 26 - 03 Feb 27","AdTech Solutions","AdTech Solutions - Senior Director","United States","04/02/2026","03/02/2027","0.34","USD","33.94","USD","11.54","USD","125.12","93.95","USD","26312.50","DVK Marketing","US DVKM - DVK Marketing - DVK Marketing - CM - 2026"
"Contract Negotiation","CM Tech, Activation & Support 04 Feb 26 - 03 Feb 27","Account Management","Account Management - Executive","United States","04/02/2026","03/02/2027","3.61","USD","44.14","USD","159.35","USD","0.00","93.95","USD","26312.50","DVK Marketing","US DVKM - DVK Marketing - DVK Marketing - CM - 2026"
"Contract Negotiation","CM Tech, Activation & Support 04 Feb 26 - 03 Feb 27","Project Management","Project Management - Senior Manager","South Africa","04/02/2026","03/02/2027","0.85","USD","28.13","USD","23.91","USD","0.00","93.95","USD","26312.50","DVK Marketing","US DVKM - DVK Marketing - DVK Marketing - CM - 2026"
"Contract Negotiation","CM Tech, Activation & Support 04 Feb 26 - 03 Feb 27","AdTech Solutions","AdTech Solutions - Senior Director","United States","04/02/2026","03/02/2027","0.28","USD","147.12","USD","41.19","USD","0.00","93.95","USD","26312.50","DVK Marketing","US DVKM - DVK Marketing - DVK Marketing - CM - 2026"
"Contract Negotiation","CM Tech, Activation & Support 04 Feb 26 - 03 Feb 27","AdTech Solutions","AdTech Solutions - Senior Director","United States","04/02/2026","03/02/2027","0.28","USD","33.94","USD","9.50","USD","0.00","93.95","USD","26312.50","DVK Marketing","US DVKM - DVK Marketing - DVK Marketing - CM - 2026"
"Contract Negotiation","CM Tech, Activation & Support 04 Feb 26 - 03 Feb 27","AdTech Solutions","AdTech Solutions - Senior Manager","United States","04/02/2026","03/02/2027","1.53","USD","12.73","USD","19.48","USD","0.00","93.95","USD","26312.50","DVK Marketing","US DVKM - DVK Marketing - DVK Marketing - CM - 2026"
"Contract Negotiation","CM Tech, Activation & Support 04 Feb 26 - 03 Feb 27","AdTech Solutions","AdTech Solutions - Senior Manager","United States","04/02/2026","03/02/2027","1.53","USD","12.73","USD","19.48","USD","0.00","93.95","USD","26312.50","DVK Marketing","US DVKM - DVK Marketing - DVK Marketing - CM - 2026"
"Contract Negotiation","CM Tech, Activation & Support 04 Feb 26 - 03 Feb 27","AdTech Solutions","AdTech Solutions - Senior Manager","United States","04/02/2026","03/02/2027","0.51","USD","78.50","USD","40.04","USD","0.00","93.95","USD","26312.50","DVK Marketing","US DVKM - DVK Marketing - DVK Marketing - CM - 2026"
"Contract Negotiation","CM Tech, Activation & Support 04 Feb 26 - 03 Feb 27","AdTech Solutions","AdTech Solutions - Senior Manager","United States","04/02/2026","03/02/2027","0.51","USD","78.50","USD","40.04","USD","0.00","93.95","USD","26312.50","DVK Marketing","US DVKM - DVK Marketing - DVK Marketing - CM - 2026"
"Contract Negotiation","CM Tech, Activation & Support 04 Feb 26 - 03 Feb 27","AdTech Solutions","AdTech Solutions - Senior Manager","United States","04/02/2026","03/02/2027","1.53","USD","78.50","USD","120.11","USD","0.00","93.95","USD","26312.50","DVK Marketing","US DVKM - DVK Marketing - DVK Marketing - CM - 2026"
"Contract Negotiation","CM Tech, Activation & Support 04 Feb 26 - 03 Feb 27","AdTech Solutions","AdTech Solutions - Executive","United States","04/02/2026","03/02/2027","0.91","USD","13.55","USD","12.33","USD","0.00","93.95","USD","26312.50","DVK Marketing","US DVKM - DVK Marketing - DVK Marketing - CM - 2026"
"Contract Negotiation","CM Tech, Activation & Support 04 Feb 26 - 03 Feb 27","AdTech Solutions","AdTech Solutions - Senior Manager","United States","04/02/2026","03/02/2027","1.90","USD","12.73","USD","24.19","USD","374.30","93.95","USD","26312.50","DVK Marketing","US DVKM - DVK Marketing - DVK Marketing - CM - 2026"
"Contract Negotiation","CM Tech, Activation & Support 04 Feb 26 - 03 Feb 27","AdTech Solutions","AdTech Solutions - Senior Manager","United States","04/02/2026","03/02/2027","1.90","USD","12.73","USD","24.19","USD","374.30","93.95","USD","26312.50","DVK Marketing","US DVKM - DVK Marketing - DVK Marketing - CM - 2026"
"Contract Negotiation","CM Tech, Activation & Support 04 Feb 26 - 03 Feb 27","AdTech Solutions","AdTech Solutions - Senior Manager","United States","04/02/2026","03/02/2027","0.64","USD","78.50","USD","50.24","USD","126.08","93.95","USD","26312.50","DVK Marketing","US DVKM - DVK Marketing - DVK Marketing - CM - 2026"
"Contract Negotiation","CM Tech, Activation & Support 04 Feb 26 - 03 Feb 27","AdTech Solutions","AdTech Solutions - Senior Manager","United States","04/02/2026","03/02/2027","0.64","USD","78.50","USD","50.24","USD","126.08","93.95","USD","26312.50","DVK Marketing","US DVKM - DVK Marketing - DVK Marketing - CM - 2026"
"Contract Negotiation","CM Tech, Activation & Support 04 Feb 26 - 03 Feb 27","AdTech Solutions","AdTech Solutions - Senior Manager","United States","04/02/2026","03/02/2027","1.91","USD","78.50","USD","149.94","USD","376.27","93.95","USD","26312.50","DVK Marketing","US DVKM - DVK Marketing - DVK Marketing - CM - 2026"
"Contract Negotiation","CM Tech, Activation & Support 04 Feb 26 - 03 Feb 27","AdTech Solutions","AdTech Solutions - Executive","United States","04/02/2026","03/02/2027","1.13","USD","13.55","USD","15.31","USD","125.43","93.95","USD","26312.50","DVK Marketing","US DVKM - DVK Marketing - DVK Marketing - CM - 2026"
"Contract Negotiation","CM Tech, Activation & Support 04 Feb 26 - 03 Feb 27","AdTech Solutions","AdTech Solutions - Senior Director","United States","04/02/2026","03/02/2027","4.08","USD","147.12","USD","600.25","USD","1501.44","93.95","USD","26312.50","DVK Marketing","US DVKM - DVK Marketing - DVK Marketing - CM - 2026"
"Contract Negotiation","Extension Q2 2026","CX - Web Development","CX - Web Development - Director","United Kingdom","01/04/2026","30/06/2026","4.00","USD","100.77","USD","403.10","USD","1012.00","60.34","USD","18416.57","Eventbrite UK Ltd","Eventbrite UK Ltd - MART024 - Main retainer CR02 - extension Q2-Q4"
"Contract Negotiation","Extension Q2 2026","CX - Web Development","CX - Web Development - Manager","United Kingdom","01/04/2026","30/06/2026","12.00","USD","46.70","USD","560.34","USD","1402.50","60.34","USD","18416.57","Eventbrite UK Ltd","Eventbrite UK Ltd - MART024 - Main retainer CR02 - extension Q2-Q4"
"Contract Negotiation","Extension Q2 2026","CX - Web Development","CX - Web Development - Senior Manager","United States","01/04/2026","30/06/2026","4.00","USD","95.87","USD","383.46","USD","962.50","60.34","USD","18416.57","Eventbrite UK Ltd","Eventbrite UK Ltd - MART024 - Main retainer CR02 - extension Q2-Q4"
"Contract Negotiation","Extension Q2 2026","CX - Web Development","CX - Web Development - Director","United Kingdom","01/04/2026","30/06/2026","5.00","USD","100.77","USD","503.87","USD","1265.00","60.34","USD","18416.57","Eventbrite UK Ltd","Eventbrite UK Ltd - MART024 - Main retainer CR02 - extension Q2-Q4"
"Contract Negotiation","Extension Q2 2026","CX - Web Development","CX - Web Development - Manager","United Kingdom","01/04/2026","30/06/2026","11.91","USD","46.70","USD","556.14","USD","1391.98","60.34","USD","18416.57","Eventbrite UK Ltd","Eventbrite UK Ltd - MART024 - Main retainer CR02 - extension Q2-Q4"
"Contract Negotiation","Extension Q2 2026","CX - Web Development","CX - Web Development - Senior Manager","United States","01/04/2026","30/06/2026","4.00","USD","95.87","USD","383.46","USD","962.50","60.34","USD","18416.57","Eventbrite UK Ltd","Eventbrite UK Ltd - MART024 - Main retainer CR02 - extension Q2-Q4"
"Contract Negotiation","Extension Q2 2026","CX - Web Development","CX - Web Development - Director","United Kingdom","01/04/2026","30/06/2026","4.00","USD","100.77","USD","403.10","USD","1012.00","60.34","USD","18416.57","Eventbrite UK Ltd","Eventbrite UK Ltd - MART024 - Main retainer CR02 - extension Q2-Q4"
"Contract Negotiation","Extension Q2 2026","CX - Web Development","CX - Web Development - Senior Manager","South Africa","01/04/2026","30/06/2026","5.00","USD","27.54","USD","137.71","USD","350.63","60.34","USD","18416.57","Eventbrite UK Ltd","Eventbrite UK Ltd - MART024 - Main retainer CR02 - extension Q2-Q4"
"Contract Negotiation","Extension Q2 2026","CX - Web Development","CX - Web Development - Director","United Kingdom","01/04/2026","30/06/2026","4.00","USD","100.77","USD","403.10","USD","1012.00","60.34","USD","18416.57","Eventbrite UK Ltd","Eventbrite UK Ltd - MART024 - Main retainer CR02 - extension Q2-Q4"
"Contract Negotiation","Extension Q2 2026","CX - Web Development","CX - Web Development - Senior Manager","United States","01/04/2026","30/06/2026","5.60","USD","95.87","USD","536.84","USD","1347.50","60.34","USD","18416.57","Eventbrite UK Ltd","Eventbrite UK Ltd - MART024 - Main retainer CR02 - extension Q2-Q4"
"Contract Negotiation","Extension Q2 2026","CX - Web Development","CX - Web Development - Senior Manager","India","01/04/2026","30/06/2026","8.00","USD","21.44","USD","171.49","USD","539.00","60.34","USD","18416.57","Eventbrite UK Ltd","Eventbrite UK Ltd - MART024 - Main retainer CR02 - extension Q2-Q4"
"Contract Negotiation","Extension Q2 2026","CX - Web Development","CX - Web Development - Director","United Kingdom","01/04/2026","30/06/2026","4.00","USD","100.77","USD","403.10","USD","1012.00","60.34","USD","18416.57","Eventbrite UK Ltd","Eventbrite UK Ltd - MART024 - Main retainer CR02 - extension Q2-Q4"
"Contract Negotiation","Extension Q2 2026","CX - Web Development","CX - Web Development - Manager","United Kingdom","01/04/2026","30/06/2026","4.00","USD","46.70","USD","186.78","USD","467.50","60.34","USD","18416.57","Eventbrite UK Ltd","Eventbrite UK Ltd - MART024 - Main retainer CR02 - extension Q2-Q4"
"Contract Negotiation","Extension Q2 2026","CX - Web Development","CX - Web Development - Senior Manager","South Africa","01/04/2026","30/06/2026","4.00","USD","27.54","USD","110.17","USD","280.50","60.34","USD","18416.57","Eventbrite UK Ltd","Eventbrite UK Ltd - MART024 - Main retainer CR02 - extension Q2-Q4"
"Contract Negotiation","Extension Q2 2026","CX - Web Development","CX - Web Development - Director","United Kingdom","01/04/2026","30/06/2026","4.00","USD","100.77","USD","403.10","USD","1012.00","60.34","USD","18416.57","Eventbrite UK Ltd","Eventbrite UK Ltd - MART024 - Main retainer CR02 - extension Q2-Q4"
"Contract Negotiation","Extension Q2 2026","Project Management","Project Management - Senior Manager","United Kingdom","01/04/2026","30/06/2026","4.00","USD","56.11","USD","224.46","USD","566.50","60.34","USD","18416.57","Eventbrite UK Ltd","Eventbrite UK Ltd - MART024 - Main retainer CR02 - extension Q2-Q4"
"Contract Negotiation","Extension Q2 2026","CX - Web Development","CX - Web Development - Director","United Kingdom","01/04/2026","30/06/2026","8.00","USD","100.77","USD","806.19","USD","2024.00","60.34","USD","18416.57","Eventbrite UK Ltd","Eventbrite UK Ltd - MART024 - Main retainer CR02 - extension Q2-Q4"
"Contract Negotiation","Extension Q2 2026","CX - Web Development","CX - Web Development - Director","United Kingdom","01/04/2026","30/06/2026","8.00","USD","100.77","USD","806.19","USD","2024.00","60.34","USD","18416.57","Eventbrite UK Ltd","Eventbrite UK Ltd - MART024 - Main retainer CR02 - extension Q2-Q4"
"Contract Negotiation","Extension Q2 2026","CX - Web Development","CX - Web Development - Senior Manager","United States","01/04/2026","30/06/2026","8.00","USD","95.87","USD","766.92","USD","1925.00","60.34","USD","18416.57","Eventbrite UK Ltd","Eventbrite UK Ltd - MART024 - Main retainer CR02 - extension Q2-Q4"
"Contract Negotiation","Extension Q2 2026","Project Management","Project Management - Senior Manager","United Kingdom","01/04/2026","30/06/2026","8.00","USD","56.11","USD","448.91","USD","1133.00","60.34","USD","18416.57","Eventbrite UK Ltd","Eventbrite UK Ltd - MART024 - Main retainer CR02 - extension Q2-Q4"
"Contract Negotiation","Extension Q2 2026","CX - Web Development","CX - Web Development - Director","United Kingdom","01/04/2026","30/06/2026","4.00","USD","100.77","USD","403.10","USD","1012.00","60.34","USD","18416.57","Eventbrite UK Ltd","Eventbrite UK Ltd - MART024 - Main retainer CR02 - extension Q2-Q4"
"Contract Negotiation","Extension Q2 2026","CX - Web Development","CX - Web Development - Manager","United Kingdom","01/04/2026","30/06/2026","4.00","USD","46.70","USD","186.78","USD","467.50","60.34","USD","18416.57","Eventbrite UK Ltd","Eventbrite UK Ltd - MART024 - Main retainer CR02 - extension Q2-Q4"
"Contract Negotiation","Extension Q2 2026","CX - Web Development","CX - Web Development - Senior Manager","South Africa","01/04/2026","30/06/2026","4.00","USD","27.54","USD","110.17","USD","280.50","60.34","USD","18416.57","Eventbrite UK Ltd","Eventbrite UK Ltd - MART024 - Main retainer CR02 - extension Q2-Q4"
"Contract Negotiation","Extension Q2 2026","CX - Web Development","CX - Web Development - Director","United Kingdom","01/04/2026","30/06/2026","4.00","USD","100.77","USD","403.10","USD","1012.00","60.34","USD","18416.57","Eventbrite UK Ltd","Eventbrite UK Ltd - MART024 - Main retainer CR02 - extension Q2-Q4"
"Contract Negotiation","Extension Q2 2026","CX - Web Development","CX - Web Development - Senior Manager","United States","01/04/2026","30/06/2026","4.00","USD","95.87","USD","383.46","USD","962.50","60.34","USD","18416.57","Eventbrite UK Ltd","Eventbrite UK Ltd - MART024 - Main retainer CR02 - extension Q2-Q4"
"Contract Negotiation","Extension Q2 2026","Project Management","Project Management - Senior Manager","United Kingdom","01/04/2026","30/06/2026","4.00","USD","56.11","USD","224.46","USD","566.50","60.34","USD","18416.57","Eventbrite UK Ltd","Eventbrite UK Ltd - MART024 - Main retainer CR02 - extension Q2-Q4"
"Contract Negotiation","Extension Q2 2026","CX - Web Development","CX - Web Development - Director","United Kingdom","01/04/2026","30/06/2026","4.00","USD","100.77","USD","403.10","USD","1012.00","60.34","USD","18416.57","Eventbrite UK Ltd","Eventbrite UK Ltd - MART024 - Main retainer CR02 - extension Q2-Q4"
"Contract Negotiation","Extension Q2 2026","CX - Web Development","CX - Web Development - Director","United Kingdom","01/04/2026","30/06/2026","2.00","USD","100.77","USD","201.55","USD","506.00","60.34","USD","18416.57","Eventbrite UK Ltd","Eventbrite UK Ltd - MART024 - Main retainer CR02 - extension Q2-Q4"
"Contract Negotiation","Extension Q2 2026","Client Management","Client Management - Senior Director","United Kingdom","01/04/2026","30/06/2026","3.00","USD","97.63","USD","292.88","USD","734.25","60.34","USD","18416.57","Eventbrite UK Ltd","Eventbrite UK Ltd - MART024 - Main retainer CR02 - extension Q2-Q4"
"Contract Negotiation","Extension Q2 2026","Project Management","Project Management - Senior Manager","United Kingdom","01/04/2026","30/06/2026","16.00","USD","56.11","USD","897.82","USD","2266.00","60.34","USD","18416.57","Eventbrite UK Ltd","Eventbrite UK Ltd - MART024 - Main retainer CR02 - extension Q2-Q4"
"Contract Negotiation","Extension Q2 2026","CX - Web Development","CX - Web Development - Senior Manager","United Kingdom","01/01/2026","31/03/2026","36.99","USD","21.44","USD","792.93","USD","7171.44","82.68","USD","10656.97","Eventbrite UK Ltd","Eventbrite UK Ltd - MART024 - SRE Retainer 2025 - CR2 - extension Q2/Q4"
"Contract Negotiation","Extension Q2 2026","CX - Web Development","CX - Web Development - Director","United Kingdom","01/01/2026","31/03/2026","7.50","USD","100.77","USD","755.80","USD","1897.50","82.68","USD","10656.97","Eventbrite UK Ltd","Eventbrite UK Ltd - MART024 - SRE Retainer 2025 - CR2 - extension Q2/Q4"
"Contract Negotiation","Extension Q2 2026","CX - Web Development","CX - Web Development - Senior Manager","United Kingdom","01/01/2026","31/03/2026","15.00","USD","21.44","USD","321.54","USD","2908.13","82.68","USD","10656.97","Eventbrite UK Ltd","Eventbrite UK Ltd - MART024 - SRE Retainer 2025 - CR2 - extension Q2/Q4"
"Contract Negotiation","Extension Q2 2026","Project Management","Project Management - Senior Manager","United Kingdom","01/01/2026","31/03/2026","3.75","USD","56.11","USD","210.43","USD","531.09","82.68","USD","10656.97","Eventbrite UK Ltd","Eventbrite UK Ltd - MART024 - SRE Retainer 2025 - CR2 - extension Q2/Q4"
"Contract Negotiation","Extension Q2 2026","Client Management","Client Management - Senior Director","United Kingdom","01/01/2026","31/03/2026","1.56","USD","97.63","USD","152.30","USD","381.81","82.68","USD","10656.97","Eventbrite UK Ltd","Eventbrite UK Ltd - MART024 - SRE Retainer 2025 - CR2 - extension Q2/Q4"
"Shortlisted / Final Stages","Full model build","Investment Analytics","Investment Analytics - Senior Manager","United States","01/12/2025","13/02/2026","270.00","USD","182.58","USD","49296.60","USD","62799.30","21.55","USD","16838.30","GoDaddy Operating Company, LLC.","GoDaddy / GoDaddy / AMERS / US / Google Funded / Meridian"
"Shortlisted / Final Stages","Full model build","Investment Analytics","Investment Analytics - VP +","United States","01/12/2025","13/02/2026","20.00","USD","371.30","USD","7426.00","USD","9459.80","21.55","USD","16838.30","GoDaddy Operating Company, LLC.","GoDaddy / GoDaddy / AMERS / US / Google Funded / Meridian"
"Shortlisted / Final Stages","Full model build","Client Management","Client Management - Director","United States","01/12/2025","13/02/2026","10.00","USD","217.36","USD","2173.60","USD","2768.90","21.55","USD","16838.30","GoDaddy Operating Company, LLC.","GoDaddy / GoDaddy / AMERS / US / Google Funded / Meridian"
"Shortlisted / Final Stages","Full model build","Project Management","Project Management - Senior Director","United States","01/12/2025","13/02/2026","10.00","USD","239.35","USD","2393.50","USD","3100.00","21.55","USD","16838.30","GoDaddy Operating Company, LLC.","GoDaddy / GoDaddy / AMERS / US / Google Funded / Meridian"
"Scoping / Engagement","IXL Meridian Model Build","Investment Analytics","Investment Analytics - VP +","United States","25/06/2025","20/09/2025","10.00","USD","371.30","USD","3713.00","USD","4729.90","21.69","USD","4569.15","Google - US - Partnerships/Funded","IXL Learning / IXL Learning / AMERS / US / Google Funded / Meridian"
"Scoping / Engagement","IXL Meridian Model Build","Investment Analytics","Investment Analytics - Senior Manager","United States","25/06/2025","20/09/2025","45.00","USD","182.58","USD","8216.10","USD","10466.55","21.69","USD","4569.15","Google - US - Partnerships/Funded","IXL Learning / IXL Learning / AMERS / US / Google Funded / Meridian"
"Scoping / Engagement","IXL Meridian Model Build","Client Management","Client Management - Director","United States","25/06/2025","20/09/2025","10.00","USD","217.36","USD","2173.60","USD","2768.90","21.69","USD","4569.15","Google - US - Partnerships/Funded","IXL Learning / IXL Learning / AMERS / US / Google Funded / Meridian"
"Scoping / Engagement","IXL Meridian Model Build","Project Management","Project Management - Senior Director","United States","25/06/2025","20/09/2025","10.00","USD","239.35","USD","2393.50","USD","3100.00","21.69","USD","4569.15","Google - US - Partnerships/Funded","IXL Learning / IXL Learning / AMERS / US / Google Funded / Meridian"
"Pitch","Adobe Tag Management Audit","","Analytics - Senior Manager","Australia","01/11/2025","31/01/2026","2.00","USD","131.95","USD","263.90","USD","462.06","44.26","USD","8497.43","GPC Asia Pacific Pty Ltd","GPC Asia Pacific Pty Ltd - MART004 - Repco Audit 2025"
"Pitch","Adobe Tag Management Audit","","Analytics - Manager","Australia","01/11/2025","31/01/2026","5.00","USD","88.71","USD","443.54","USD","801.15","44.26","USD","8497.43","GPC Asia Pacific Pty Ltd","GPC Asia Pacific Pty Ltd - MART004 - Repco Audit 2025"
"Pitch","Adobe Tag Management Audit","","Analytics - Manager","Australia","01/11/2025","31/01/2026","2.00","USD","88.71","USD","177.42","USD","320.46","44.26","USD","8497.43","GPC Asia Pacific Pty Ltd","GPC Asia Pacific Pty Ltd - MART004 - Repco Audit 2025"
"Pitch","Adobe Tag Management Audit","","Analytics - Senior Manager","Australia","01/11/2025","31/01/2026","18.00","USD","131.95","USD","2375.06","USD","4158.54","44.26","USD","8497.43","GPC Asia Pacific Pty Ltd","GPC Asia Pacific Pty Ltd - MART004 - Repco Audit 2025"
"Pitch","Adobe Tag Management Audit","","Analytics - Manager","Australia","01/11/2025","31/01/2026","35.00","USD","88.71","USD","3104.78","USD","5608.06","44.26","USD","8497.43","GPC Asia Pacific Pty Ltd","GPC Asia Pacific Pty Ltd - MART004 - Repco Audit 2025"
"Pitch","Adobe Tag Management Audit","","Analytics - Senior Manager","Australia","01/11/2025","31/01/2026","9.00","USD","131.95","USD","1187.53","USD","2079.27","44.26","USD","8497.43","GPC Asia Pacific Pty Ltd","GPC Asia Pacific Pty Ltd - MART004 - Repco Audit 2025"
"Pitch","Adobe Tag Management Audit","","Analytics - Manager","Australia","01/11/2025","31/01/2026","16.00","USD","88.71","USD","1419.33","USD","2563.69","44.26","USD","8497.43","GPC Asia Pacific Pty Ltd","GPC Asia Pacific Pty Ltd - MART004 - Repco Audit 2025"
"Pitch","Adobe Tag Management Audit","","Client Management - Manager","Australia","01/11/2025","31/01/2026","10.00","USD","73.92","USD","739.22","USD","1378.73","44.26","USD","8497.43","GPC Asia Pacific Pty Ltd","GPC Asia Pacific Pty Ltd - MART004 - Repco Audit 2025"
"Pitch","Adobe Tag Management Audit","","Project Management - Senior Manager","Australia","01/11/2025","31/01/2026","10.00","USD","98.96","USD","989.63","USD","1825.88","44.26","USD","8497.43","GPC Asia Pacific Pty Ltd","GPC Asia Pacific Pty Ltd - MART004 - Repco Audit 2025"
"Scoping / Engagement","GA360 Renewal & Analytics Support 2026","Analytics","Analytics - Executive","Australia","01/08/2026","31/07/2027","1.00","USD","8.72","USD","8.72","USD","135.26","57.12","USD","84142.99","HBF Health Limited","AU HBFZ - HBF Health Limited - GA360 Renewal & Analytic Support"
"Scoping / Engagement","GA360 Renewal & Analytics Support 2026","Analytics","Analytics - Manager","Australia","01/08/2026","31/07/2027","1.00","USD","44.43","USD","44.43","USD","176.25","57.12","USD","84142.99","HBF Health Limited","AU HBFZ - HBF Health Limited - GA360 Renewal & Analytic Support"
"Scoping / Engagement","GA360 Renewal & Analytics Support 2026","Analytics","Analytics - Senior Manager","Australia","01/08/2026","31/07/2027","8.00","USD","66.27","USD","530.15","USD","1940.65","57.12","USD","84142.99","HBF Health Limited","AU HBFZ - HBF Health Limited - GA360 Renewal & Analytic Support"
"Scoping / Engagement","GA360 Renewal & Analytics Support 2026","Analytics","Analytics - Director","Australia","01/08/2026","31/07/2027","8.00","USD","75.79","USD","606.28","USD","2128.46","57.12","USD","84142.99","HBF Health Limited","AU HBFZ - HBF Health Limited - GA360 Renewal & Analytic Support"
"Scoping / Engagement","GA360 Renewal & Analytics Support 2026","Cloud","Cloud - Manager","Australia","01/08/2026","31/07/2027","8.00","USD","43.02","USD","344.13","USD","1410.03","57.12","USD","84142.99","HBF Health Limited","AU HBFZ - HBF Health Limited - GA360 Renewal & Analytic Support"
"Scoping / Engagement","GA360 Renewal & Analytics Support 2026","Cloud","Cloud - Senior Manager","Australia","01/08/2026","31/07/2027","8.00","USD","72.95","USD","583.63","USD","1940.65","57.12","USD","84142.99","HBF Health Limited","AU HBFZ - HBF Health Limited - GA360 Renewal & Analytic Support"
"Scoping / Engagement","GA360 Renewal & Analytics Support 2026","Cloud","Cloud - Senior Director","Australia","01/08/2026","31/07/2027","8.00","USD","79.87","USD","638.95","USD","2660.57","57.12","USD","84142.99","HBF Health Limited","AU HBFZ - HBF Health Limited - GA360 Renewal & Analytic Support"
"Scoping / Engagement","GA360 Renewal & Analytics Support 2026","Client Management","Client Management - Senior Manager","Australia","01/08/2026","31/07/2027","8.00","USD","61.59","USD","492.70","USD","1690.24","57.12","USD","84142.99","HBF Health Limited","AU HBFZ - HBF Health Limited - GA360 Renewal & Analytic Support"
"Scoping / Engagement","GA360 Renewal & Analytics Support 2026","Client Management","Client Management - Director","Australia","01/08/2026","31/07/2027","1.00","USD","67.04","USD","67.04","USD","230.84","57.12","USD","84142.99","HBF Health Limited","AU HBFZ - HBF Health Limited - GA360 Renewal & Analytic Support"
"Scoping / Engagement","GA360 Renewal & Analytics Support 2026","Project Management","Project Management - Senior Manager","Australia","01/08/2026","31/07/2027","1.00","USD","53.50","USD","53.50","USD","191.72","57.12","USD","84142.99","HBF Health Limited","AU HBFZ - HBF Health Limited - GA360 Renewal & Analytic Support"
"Scoping / Engagement","GA360 Renewal & Analytics Support 2026","Client Management","Client Management - Director","Australia","01/08/2026","31/07/2027","5.00","USD","67.04","USD","335.22","USD","1154.22","57.12","USD","84142.99","HBF Health Limited","AU HBFZ - HBF Health Limited - GA360 Renewal & Analytic Support"
"Scoping / Engagement","GA360 Renewal & Analytics Support 2026","Project Management","Project Management - Director","Australia","01/08/2026","31/07/2027","1.00","USD","64.20","USD","64.20","USD","211.28","57.12","USD","84142.99","HBF Health Limited","AU HBFZ - HBF Health Limited - GA360 Renewal & Analytic Support"
"Scoping / Engagement","GA360 Renewal & Analytics Support 2026","Client Management","Client Management - Senior Manager","Australia","01/08/2026","31/07/2027","30.00","USD","61.59","USD","1847.64","USD","6338.41","57.12","USD","84142.99","HBF Health Limited","AU HBFZ - HBF Health Limited - GA360 Renewal & Analytic Support"
"Scoping / Engagement","GA360 Renewal & Analytics Support 2026","Project Management","Project Management - Director","Australia","01/08/2026","31/07/2027","5.00","USD","64.20","USD","321.02","USD","1056.40","57.12","USD","84142.99","HBF Health Limited","AU HBFZ - HBF Health Limited - GA360 Renewal & Analytic Support"
"Scoping / Engagement","GA360 Renewal & Analytics Support 2026","Client Management","Client Management - Director","Australia","01/08/2026","31/07/2027","5.00","USD","67.04","USD","335.22","USD","1154.22","57.12","USD","84142.99","HBF Health Limited","AU HBFZ - HBF Health Limited - GA360 Renewal & Analytic Support"
"Scoping / Engagement","GA360 Renewal & Analytics Support 2026","Project Management","Project Management - Senior Manager","Australia","01/08/2026","31/07/2027","15.00","USD","53.50","USD","802.53","USD","2875.76","57.12","USD","84142.99","HBF Health Limited","AU HBFZ - HBF Health Limited - GA360 Renewal & Analytic Support"
"Scoping / Engagement","GA360 Renewal & Analytics Support 2026","Analytics","Analytics - Executive","Australia","01/08/2026","31/07/2027","10.00","USD","8.72","USD","87.20","USD","1352.64","57.12","USD","84142.99","HBF Health Limited","AU HBFZ - HBF Health Limited - GA360 Renewal & Analytic Support"
"Scoping / Engagement","GA360 Renewal & Analytics Support 2026","Analytics","Analytics - Manager","Australia","01/08/2026","31/07/2027","10.00","USD","44.43","USD","444.32","USD","1762.53","57.12","USD","84142.99","HBF Health Limited","AU HBFZ - HBF Health Limited - GA360 Renewal & Analytic Support"
"Scoping / Engagement","GA360 Renewal & Analytics Support 2026","Analytics","Analytics - Senior Manager","Australia","01/08/2026","31/07/2027","20.00","USD","66.27","USD","1325.37","USD","4851.63","57.12","USD","84142.99","HBF Health Limited","AU HBFZ - HBF Health Limited - GA360 Renewal & Analytic Support"
"Scoping / Engagement","GA360 Renewal & Analytics Support 2026","Analytics","Analytics - Director","Australia","01/08/2026","31/07/2027","10.00","USD","75.79","USD","757.85","USD","2660.57","57.12","USD","84142.99","HBF Health Limited","AU HBFZ - HBF Health Limited - GA360 Renewal & Analytic Support"
"Scoping / Engagement","GA360 Renewal & Analytics Support 2026","Analytics","Analytics - Executive","Australia","01/08/2026","31/07/2027","10.00","USD","8.72","USD","87.20","USD","1352.64","57.12","USD","84142.99","HBF Health Limited","AU HBFZ - HBF Health Limited - GA360 Renewal & Analytic Support"
"Scoping / Engagement","GA360 Renewal & Analytics Support 2026","Analytics","Analytics - Manager","Australia","01/08/2026","31/07/2027","10.00","USD","44.43","USD","444.32","USD","1762.53","57.12","USD","84142.99","HBF Health Limited","AU HBFZ - HBF Health Limited - GA360 Renewal & Analytic Support"
"Scoping / Engagement","GA360 Renewal & Analytics Support 2026","Analytics","Analytics - Senior Manager","Australia","01/08/2026","31/07/2027","20.00","USD","66.27","USD","1325.37","USD","4851.63","57.12","USD","84142.99","HBF Health Limited","AU HBFZ - HBF Health Limited - GA360 Renewal & Analytic Support"
"Scoping / Engagement","GA360 Renewal & Analytics Support 2026","Analytics","Analytics - Director","Australia","01/08/2026","31/07/2027","10.00","USD","75.79","USD","757.85","USD","2660.57","57.12","USD","84142.99","HBF Health Limited","AU HBFZ - HBF Health Limited - GA360 Renewal & Analytic Support"
"Scoping / Engagement","GA360 Renewal & Analytics Support 2026","Cloud","Cloud - Manager","Australia","01/08/2026","31/07/2027","10.00","USD","43.02","USD","430.16","USD","1762.53","57.12","USD","84142.99","HBF Health Limited","AU HBFZ - HBF Health Limited - GA360 Renewal & Analytic Support"
"Scoping / Engagement","GA360 Renewal & Analytics Support 2026","Cloud","Cloud - Senior Manager","Australia","01/08/2026","31/07/2027","10.00","USD","72.95","USD","729.53","USD","2425.81","57.12","USD","84142.99","HBF Health Limited","AU HBFZ - HBF Health Limited - GA360 Renewal & Analytic Support"
"Scoping / Engagement","GA360 Renewal & Analytics Support 2026","Cloud","Cloud - Senior Director","Australia","01/08/2026","31/07/2027","20.00","USD","79.87","USD","1597.38","USD","6651.42","57.12","USD","84142.99","HBF Health Limited","AU HBFZ - HBF Health Limited - GA360 Renewal & Analytic Support"
"Scoping / Engagement","GA360 Renewal & Analytics Support 2026","Analytics","Analytics - Executive","Australia","01/08/2026","31/07/2027","2.25","USD","8.72","USD","19.62","USD","304.34","57.12","USD","84142.99","HBF Health Limited","AU HBFZ - HBF Health Limited - GA360 Renewal & Analytic Support"
"Scoping / Engagement","GA360 Renewal & Analytics Support 2026","Analytics","Analytics - Manager","Australia","01/08/2026","31/07/2027","5.00","USD","44.43","USD","222.16","USD","881.27","57.12","USD","84142.99","HBF Health Limited","AU HBFZ - HBF Health Limited - GA360 Renewal & Analytic Support"
"Scoping / Engagement","GA360 Renewal & Analytics Support 2026","Analytics","Analytics - Senior Manager","Australia","01/08/2026","31/07/2027","30.00","USD","66.27","USD","1988.05","USD","7277.44","57.12","USD","84142.99","HBF Health Limited","AU HBFZ - HBF Health Limited - GA360 Renewal & Analytic Support"
"Scoping / Engagement","GA360 Renewal & Analytics Support 2026","Analytics","Analytics - Director","Australia","01/08/2026","31/07/2027","5.00","USD","75.79","USD","378.93","USD","1330.28","57.12","USD","84142.99","HBF Health Limited","AU HBFZ - HBF Health Limited - GA360 Renewal & Analytic Support"
"Scoping / Engagement","GA360 Renewal & Analytics Support 2026","Cloud","Cloud - Manager","Australia","01/08/2026","31/07/2027","10.00","USD","43.02","USD","430.16","USD","1762.53","57.12","USD","84142.99","HBF Health Limited","AU HBFZ - HBF Health Limited - GA360 Renewal & Analytic Support"
"Scoping / Engagement","GA360 Renewal & Analytics Support 2026","Cloud","Cloud - Senior Manager","Australia","01/08/2026","31/07/2027","10.00","USD","72.95","USD","729.53","USD","2425.81","57.12","USD","84142.99","HBF Health Limited","AU HBFZ - HBF Health Limited - GA360 Renewal & Analytic Support"
"Scoping / Engagement","GA360 Renewal & Analytics Support 2026","Cloud","Cloud - Senior Director","Australia","01/08/2026","31/07/2027","30.00","USD","79.87","USD","2396.08","USD","9977.13","57.12","USD","84142.99","HBF Health Limited","AU HBFZ - HBF Health Limited - GA360 Renewal & Analytic Support"
"Scoping / Engagement","GA360 Renewal & Analytics Support 2026","Client Management","Client Management - Senior Manager","Australia","01/08/2026","31/07/2027","30.00","USD","61.59","USD","1847.64","USD","6338.41","57.12","USD","84142.99","HBF Health Limited","AU HBFZ - HBF Health Limited - GA360 Renewal & Analytic Support"
"Scoping / Engagement","GA360 Renewal & Analytics Support 2026","Client Management","Client Management - Director","Australia","01/08/2026","31/07/2027","5.00","USD","67.04","USD","335.22","USD","1154.22","57.12","USD","84142.99","HBF Health Limited","AU HBFZ - HBF Health Limited - GA360 Renewal & Analytic Support"
"Scoping / Engagement","GA360 Renewal & Analytics Support 2026","Project Management","Project Management - Senior Manager","Australia","01/08/2026","31/07/2027","10.00","USD","53.50","USD","535.02","USD","1917.17","57.12","USD","84142.99","HBF Health Limited","AU HBFZ - HBF Health Limited - GA360 Renewal & Analytic Support"
"Scoping / Engagement","GA360 Renewal & Analytics Support 2026","Project Management","Project Management - Director","Australia","01/08/2026","31/07/2027","5.00","USD","64.20","USD","321.02","USD","1056.40","57.12","USD","84142.99","HBF Health Limited","AU HBFZ - HBF Health Limited - GA360 Renewal & Analytic Support"
"Scoping / Engagement","GA360 Renewal & Analytics Support 2026","Analytics","Analytics - Executive","Australia","01/08/2026","31/07/2027","5.00","USD","8.72","USD","43.60","USD","676.32","57.12","USD","84142.99","HBF Health Limited","AU HBFZ - HBF Health Limited - GA360 Renewal & Analytic Support"
"Scoping / Engagement","GA360 Renewal & Analytics Support 2026","Analytics","Analytics - Manager","Australia","01/08/2026","31/07/2027","5.00","USD","44.43","USD","222.16","USD","881.27","57.12","USD","84142.99","HBF Health Limited","AU HBFZ - HBF Health Limited - GA360 Renewal & Analytic Support"
"Scoping / Engagement","GA360 Renewal & Analytics Support 2026","Analytics","Analytics - Senior Manager","Australia","01/08/2026","31/07/2027","10.00","USD","66.27","USD","662.68","USD","2425.81","57.12","USD","84142.99","HBF Health Limited","AU HBFZ - HBF Health Limited - GA360 Renewal & Analytic Support"
"Scoping / Engagement","GA360 Renewal & Analytics Support 2026","Analytics","Analytics - Director","Australia","01/08/2026","31/07/2027","5.00","USD","75.79","USD","378.93","USD","1330.28","57.12","USD","84142.99","HBF Health Limited","AU HBFZ - HBF Health Limited - GA360 Renewal & Analytic Support"
"Scoping / Engagement","GA360 Renewal & Analytics Support 2026","Cloud","Cloud - Manager","Australia","01/08/2026","31/07/2027","10.00","USD","43.02","USD","430.16","USD","1762.53","57.12","USD","84142.99","HBF Health Limited","AU HBFZ - HBF Health Limited - GA360 Renewal & Analytic Support"
"Scoping / Engagement","GA360 Renewal & Analytics Support 2026","Cloud","Cloud - Senior Manager","Australia","01/08/2026","31/07/2027","10.00","USD","72.95","USD","729.53","USD","2425.81","57.12","USD","84142.99","HBF Health Limited","AU HBFZ - HBF Health Limited - GA360 Renewal & Analytic Support"
"Scoping / Engagement","GA360 Renewal & Analytics Support 2026","Cloud","Cloud - Senior Director","Australia","01/08/2026","31/07/2027","10.00","USD","79.87","USD","798.69","USD","3325.71","57.12","USD","84142.99","HBF Health Limited","AU HBFZ - HBF Health Limited - GA360 Renewal & Analytic Support"
"Scoping / Engagement","GA360 Renewal & Analytics Support 2026","Client Management","Client Management - Senior Manager","Australia","01/08/2026","31/07/2027","10.00","USD","61.59","USD","615.88","USD","2112.80","57.12","USD","84142.99","HBF Health Limited","AU HBFZ - HBF Health Limited - GA360 Renewal & Analytic Support"
"Scoping / Engagement","GA360 Renewal & Analytics Support 2026","Project Management","Project Management - Senior Manager","Australia","01/08/2026","31/07/2027","10.00","USD","53.50","USD","535.02","USD","1917.17","57.12","USD","84142.99","HBF Health Limited","AU HBFZ - HBF Health Limited - GA360 Renewal & Analytic Support"
"Scoping / Engagement","GA360 Renewal & Analytics Support 2026","Project Management","Project Management - Director","Australia","01/08/2026","31/07/2027","5.00","USD","64.20","USD","321.02","USD","1056.40","57.12","USD","84142.99","HBF Health Limited","AU HBFZ - HBF Health Limited - GA360 Renewal & Analytic Support"
"Contract Negotiation","FY26 SOW6 CX/Martech Discovery & Data Unification","Analytics","Analytics - VP +","United States","09/01/2026","08/01/2027","40.00","USD","200.12","USD","8004.80","USD","20040.00","61.72","USD","95662.60","JAPAN AIRLINES","US JALL - JAPAN AIRLINES - SOW6 - Marketing Discovery Initiatives (CX/Martech)"
"Contract Negotiation","FY26 SOW6 CX/Martech Discovery & Data Unification","CX - CRM","CX - CRM - Senior Director","United States","09/01/2026","08/01/2027","20.00","USD","64.13","USD","1282.60","USD","7905.80","61.72","USD","95662.60","JAPAN AIRLINES","US JALL - JAPAN AIRLINES - SOW6 - Marketing Discovery Initiatives (CX/Martech)"
"Contract Negotiation","FY26 SOW6 CX/Martech Discovery & Data Unification","Analytics","Analytics - Senior Director","United States","09/01/2026","08/01/2027","35.00","USD","155.21","USD","5432.35","USD","13615.00","61.72","USD","95662.60","JAPAN AIRLINES","US JALL - JAPAN AIRLINES - SOW6 - Marketing Discovery Initiatives (CX/Martech)"
"Contract Negotiation","FY26 SOW6 CX/Martech Discovery & Data Unification","","Project Management - Senior Manager","United States","09/01/2026","08/01/2027","10.00","USD","36.90","USD","369.00","USD","1950.00","61.72","USD","95662.60","JAPAN AIRLINES","US JALL - JAPAN AIRLINES - SOW6 - Marketing Discovery Initiatives (CX/Martech)"
"Contract Negotiation","FY26 SOW6 CX/Martech Discovery & Data Unification","","Client Management - VP +","United States","09/01/2026","08/01/2027","10.00","USD","197.36","USD","1973.60","USD","3000.00","61.72","USD","95662.60","JAPAN AIRLINES","US JALL - JAPAN AIRLINES - SOW6 - Marketing Discovery Initiatives (CX/Martech)"
"Contract Negotiation","FY26 SOW6 CX/Martech Discovery & Data Unification","JTS - Data Science","JTS - Data Science - Senior Director","United States","09/01/2026","08/01/2027","35.00","USD","99.70","USD","3489.50","USD","13835.15","61.72","USD","95662.60","JAPAN AIRLINES","US JALL - JAPAN AIRLINES - SOW6 - Marketing Discovery Initiatives (CX/Martech)"
"Contract Negotiation","FY26 SOW6 CX/Martech Discovery & Data Unification","CX - Experience Optimization","CX - Experience Optimization - Senior Director","Mexico","09/01/2026","08/01/2027","10.00","USD","64.13","USD","641.30","USD","1770.00","61.72","USD","95662.60","JAPAN AIRLINES","US JALL - JAPAN AIRLINES - SOW6 - Marketing Discovery Initiatives (CX/Martech)"
"Contract Negotiation","FY26 SOW6 CX/Martech Discovery & Data Unification","CX - Experience Optimization","CX - Experience Optimization - Senior Manager","Brazil","09/01/2026","08/01/2027","26.30","USD","40.23","USD","1058.05","USD","1915.43","61.72","USD","95662.60","JAPAN AIRLINES","US JALL - JAPAN AIRLINES - SOW6 - Marketing Discovery Initiatives (CX/Martech)"
"Contract Negotiation","FY26 SOW6 CX/Martech Discovery & Data Unification","CX - Experience Optimization","CX - Experience Optimization - Manager","Mexico","09/01/2026","08/01/2027","20.00","USD","23.72","USD","474.40","USD","1320.00","61.72","USD","95662.60","JAPAN AIRLINES","US JALL - JAPAN AIRLINES - SOW6 - Marketing Discovery Initiatives (CX/Martech)"
"Contract Negotiation","FY26 SOW6 CX/Martech Discovery & Data Unification","CX - Experience Optimization","CX - Experience Optimization - Senior Director","Mexico","09/01/2026","08/01/2027","3.00","USD","64.13","USD","192.39","USD","531.00","61.72","USD","95662.60","JAPAN AIRLINES","US JALL - JAPAN AIRLINES - SOW6 - Marketing Discovery Initiatives (CX/Martech)"
"Contract Negotiation","FY26 SOW6 CX/Martech Discovery & Data Unification","CX - Experience Optimization","CX - Experience Optimization - Director","Mexico","09/01/2026","08/01/2027","3.00","USD","53.25","USD","159.75","USD","441.00","61.72","USD","95662.60","JAPAN AIRLINES","US JALL - JAPAN AIRLINES - SOW6 - Marketing Discovery Initiatives (CX/Martech)"
"Contract Negotiation","FY26 SOW6 CX/Martech Discovery & Data Unification","CX - Experience Optimization","CX - Experience Optimization - Senior Manager","Brazil","09/01/2026","08/01/2027","3.00","USD","40.23","USD","120.69","USD","218.49","61.72","USD","95662.60","JAPAN AIRLINES","US JALL - JAPAN AIRLINES - SOW6 - Marketing Discovery Initiatives (CX/Martech)"
"Contract Negotiation","FY26 SOW6 CX/Martech Discovery & Data Unification","CX - Experience Optimization","CX - Experience Optimization - Manager","Mexico","09/01/2026","08/01/2027","3.00","USD","23.72","USD","71.16","USD","198.00","61.72","USD","95662.60","JAPAN AIRLINES","US JALL - JAPAN AIRLINES - SOW6 - Marketing Discovery Initiatives (CX/Martech)"
"Contract Negotiation","FY26 SOW6 CX/Martech Discovery & Data Unification","CX - Experience Optimization","CX - Experience Optimization - Senior Director","Mexico","09/01/2026","08/01/2027","4.00","USD","64.13","USD","256.52","USD","708.00","61.72","USD","95662.60","JAPAN AIRLINES","US JALL - JAPAN AIRLINES - SOW6 - Marketing Discovery Initiatives (CX/Martech)"
"Contract Negotiation","FY26 SOW6 CX/Martech Discovery & Data Unification","CX - Experience Optimization","CX - Experience Optimization - Director","Mexico","09/01/2026","08/01/2027","4.00","USD","53.25","USD","213.00","USD","588.00","61.72","USD","95662.60","JAPAN AIRLINES","US JALL - JAPAN AIRLINES - SOW6 - Marketing Discovery Initiatives (CX/Martech)"
"Contract Negotiation","FY26 SOW6 CX/Martech Discovery & Data Unification","CX - Experience Optimization","CX - Experience Optimization - Senior Manager","Brazil","09/01/2026","08/01/2027","4.00","USD","40.23","USD","160.92","USD","291.32","61.72","USD","95662.60","JAPAN AIRLINES","US JALL - JAPAN AIRLINES - SOW6 - Marketing Discovery Initiatives (CX/Martech)"
"Contract Negotiation","FY26 SOW6 CX/Martech Discovery & Data Unification","CX - Experience Optimization","CX - Experience Optimization - Manager","Mexico","09/01/2026","08/01/2027","4.00","USD","23.72","USD","94.88","USD","264.00","61.72","USD","95662.60","JAPAN AIRLINES","US JALL - JAPAN AIRLINES - SOW6 - Marketing Discovery Initiatives (CX/Martech)"
"Contract Negotiation","FY26 SOW6 CX/Martech Discovery & Data Unification","CX - Experience Design","CX - Experience Design - Director","Mexico","09/01/2026","08/01/2027","5.00","USD","53.25","USD","266.25","USD","735.00","61.72","USD","95662.60","JAPAN AIRLINES","US JALL - JAPAN AIRLINES - SOW6 - Marketing Discovery Initiatives (CX/Martech)"
"Contract Negotiation","FY26 SOW6 CX/Martech Discovery & Data Unification","CX - Experience Design","CX - Experience Design - Manager","Mexico","09/01/2026","08/01/2027","5.00","USD","23.72","USD","118.60","USD","330.00","61.72","USD","95662.60","JAPAN AIRLINES","US JALL - JAPAN AIRLINES - SOW6 - Marketing Discovery Initiatives (CX/Martech)"
"Contract Negotiation","FY26 SOW6 CX/Martech Discovery & Data Unification","CX - Experience Design","CX - Experience Design - Manager","Mexico","09/01/2026","08/01/2027","5.00","USD","23.72","USD","118.60","USD","330.00","61.72","USD","95662.60","JAPAN AIRLINES","US JALL - JAPAN AIRLINES - SOW6 - Marketing Discovery Initiatives (CX/Martech)"
"Contract Negotiation","FY26 SOW6 CX/Martech Discovery & Data Unification","CX - Experience Design","CX - Experience Design - Manager","Mexico","09/01/2026","08/01/2027","5.00","USD","23.72","USD","118.60","USD","330.00","61.72","USD","95662.60","JAPAN AIRLINES","US JALL - JAPAN AIRLINES - SOW6 - Marketing Discovery Initiatives (CX/Martech)"
"Contract Negotiation","FY26 SOW6 CX/Martech Discovery & Data Unification","CX - Experience Design","CX - Experience Design - Manager","Mexico","09/01/2026","08/01/2027","5.00","USD","23.72","USD","118.60","USD","330.00","61.72","USD","95662.60","JAPAN AIRLINES","US JALL - JAPAN AIRLINES - SOW6 - Marketing Discovery Initiatives (CX/Martech)"
"Contract Negotiation","FY26 SOW6 CX/Martech Discovery & Data Unification","SEO","SEO - Manager","Mexico","09/01/2026","08/01/2027","5.00","USD","21.45","USD","107.25","USD","300.00","61.72","USD","95662.60","JAPAN AIRLINES","US JALL - JAPAN AIRLINES - SOW6 - Marketing Discovery Initiatives (CX/Martech)"
"Contract Negotiation","FY26 SOW6 CX/Martech Discovery & Data Unification","SEO","SEO - Manager","Mexico","09/01/2026","08/01/2027","5.00","USD","21.45","USD","107.25","USD","300.00","61.72","USD","95662.60","JAPAN AIRLINES","US JALL - JAPAN AIRLINES - SOW6 - Marketing Discovery Initiatives (CX/Martech)"
"Contract Negotiation","FY26 SOW6 CX/Martech Discovery & Data Unification","CX - Experience Optimization","CX - Experience Optimization - Director","Brazil","09/01/2026","08/01/2027","3.00","USD","53.25","USD","159.75","USD","312.00","61.72","USD","95662.60","JAPAN AIRLINES","US JALL - JAPAN AIRLINES - SOW6 - Marketing Discovery Initiatives (CX/Martech)"
"Contract Negotiation","FY26 SOW6 CX/Martech Discovery & Data Unification","CX - Experience Optimization","CX - Experience Optimization - Manager","Mexico","09/01/2026","08/01/2027","6.00","USD","23.72","USD","142.32","USD","396.00","61.72","USD","95662.60","JAPAN AIRLINES","US JALL - JAPAN AIRLINES - SOW6 - Marketing Discovery Initiatives (CX/Martech)"
"Contract Negotiation","FY26 SOW6 CX/Martech Discovery & Data Unification","CX - Experience Optimization","CX - Experience Optimization - Manager","Mexico","09/01/2026","08/01/2027","6.00","USD","23.72","USD","142.32","USD","396.00","61.72","USD","95662.60","JAPAN AIRLINES","US JALL - JAPAN AIRLINES - SOW6 - Marketing Discovery Initiatives (CX/Martech)"
"Contract Negotiation","FY26 SOW6 CX/Martech Discovery & Data Unification","CX - Experience Optimization","CX - Experience Optimization - Manager","Mexico","09/01/2026","08/01/2027","6.00","USD","23.72","USD","142.32","USD","396.00","61.72","USD","95662.60","JAPAN AIRLINES","US JALL - JAPAN AIRLINES - SOW6 - Marketing Discovery Initiatives (CX/Martech)"
"Contract Negotiation","FY26 SOW6 CX/Martech Discovery & Data Unification","","Account Management - VP +","United States","09/01/2026","08/01/2027","30.00","USD","183.90","USD","5517.00","USD","9000.00","61.72","USD","95662.60","JAPAN AIRLINES","US JALL - JAPAN AIRLINES - SOW6 - Marketing Discovery Initiatives (CX/Martech)"
"Contract Negotiation","FY26 SOW6 CX/Martech Discovery & Data Unification","Project Management","Project Management - Senior Manager","Mexico","09/01/2026","08/01/2027","35.00","USD","36.90","USD","1291.50","USD","3570.00","61.72","USD","95662.60","JAPAN AIRLINES","US JALL - JAPAN AIRLINES - SOW6 - Marketing Discovery Initiatives (CX/Martech)"
"Contract Negotiation","FY26 SOW6 CX/Martech Discovery & Data Unification","Media Strategy","Media Strategy - VP +","United States","09/01/2026","08/01/2027","40.00","USD","173.29","USD","6931.60","USD","17360.00","61.72","USD","95662.60","JAPAN AIRLINES","US JALL - JAPAN AIRLINES - SOW6 - Marketing Discovery Initiatives (CX/Martech)"
"Contract Negotiation","FY26 SOW6 CX/Martech Discovery & Data Unification","CX - Experience Optimization","CX - Experience Optimization - Director","Mexico","09/01/2026","08/01/2027","3.00","USD","53.25","USD","159.75","USD","441.00","61.72","USD","95662.60","JAPAN AIRLINES","US JALL - JAPAN AIRLINES - SOW6 - Marketing Discovery Initiatives (CX/Martech)"
"Contract Negotiation","FY26 SOW6 CX/Martech Discovery & Data Unification","CX - Experience Optimization","CX - Experience Optimization - Manager","Mexico","09/01/2026","08/01/2027","2.00","USD","23.72","USD","47.44","USD","132.00","61.72","USD","95662.60","JAPAN AIRLINES","US JALL - JAPAN AIRLINES - SOW6 - Marketing Discovery Initiatives (CX/Martech)"
"Contract Negotiation","FY26 SOW6 CX/Martech Discovery & Data Unification","CX - Experience Optimization","CX - Experience Optimization - Manager","Mexico","09/01/2026","08/01/2027","2.00","USD","23.72","USD","47.44","USD","132.00","61.72","USD","95662.60","JAPAN AIRLINES","US JALL - JAPAN AIRLINES - SOW6 - Marketing Discovery Initiatives (CX/Martech)"
"Contract Negotiation","FY26 SOW6 CX/Martech Discovery & Data Unification","CX - Experience Design","CX - Experience Design - Manager","Mexico","09/01/2026","08/01/2027","2.00","USD","23.72","USD","47.44","USD","132.00","61.72","USD","95662.60","JAPAN AIRLINES","US JALL - JAPAN AIRLINES - SOW6 - Marketing Discovery Initiatives (CX/Martech)"
"Contract Negotiation","FY26 SOW6 CX/Martech Discovery & Data Unification","CX - Experience Optimization","CX - Experience Optimization - Manager","Mexico","09/01/2026","08/01/2027","2.00","USD","23.72","USD","47.44","USD","132.00","61.72","USD","95662.60","JAPAN AIRLINES","US JALL - JAPAN AIRLINES - SOW6 - Marketing Discovery Initiatives (CX/Martech)"
"Contract Negotiation","FY26 SOW6 CX/Martech Discovery & Data Unification","CX - Experience Optimization","CX - Experience Optimization - Senior Manager","Brazil","09/01/2026","08/01/2027","5.00","USD","40.23","USD","201.15","USD","364.15","61.72","USD","95662.60","JAPAN AIRLINES","US JALL - JAPAN AIRLINES - SOW6 - Marketing Discovery Initiatives (CX/Martech)"
"Contract Negotiation","FY26 SOW6 CX/Martech Discovery & Data Unification","CX - Experience Optimization","CX - Experience Optimization - Manager","Mexico","09/01/2026","08/01/2027","5.00","USD","23.72","USD","118.60","USD","330.00","61.72","USD","95662.60","JAPAN AIRLINES","US JALL - JAPAN AIRLINES - SOW6 - Marketing Discovery Initiatives (CX/Martech)"
"Contract Negotiation","FY26 SOW6 CX/Martech Discovery & Data Unification","CX - Experience Design","CX - Experience Design - Director","Mexico","09/01/2026","08/01/2027","6.00","USD","53.25","USD","319.50","USD","882.00","61.72","USD","95662.60","JAPAN AIRLINES","US JALL - JAPAN AIRLINES - SOW6 - Marketing Discovery Initiatives (CX/Martech)"
"Contract Negotiation","FY26 SOW6 CX/Martech Discovery & Data Unification","CX - Experience Design","CX - Experience Design - Manager","Mexico","09/01/2026","08/01/2027","6.00","USD","23.72","USD","142.32","USD","396.00","61.72","USD","95662.60","JAPAN AIRLINES","US JALL - JAPAN AIRLINES - SOW6 - Marketing Discovery Initiatives (CX/Martech)"
"Contract Negotiation","FY26 SOW6 CX/Martech Discovery & Data Unification","CX - Experience Design","CX - Experience Design - Manager","Mexico","09/01/2026","08/01/2027","6.00","USD","23.72","USD","142.32","USD","396.00","61.72","USD","95662.60","JAPAN AIRLINES","US JALL - JAPAN AIRLINES - SOW6 - Marketing Discovery Initiatives (CX/Martech)"
"Contract Negotiation","FY26 SOW6 CX/Martech Discovery & Data Unification","CX - Experience Design","CX - Experience Design - Manager","Mexico","09/01/2026","08/01/2027","6.00","USD","23.72","USD","142.32","USD","396.00","61.72","USD","95662.60","JAPAN AIRLINES","US JALL - JAPAN AIRLINES - SOW6 - Marketing Discovery Initiatives (CX/Martech)"
"Contract Negotiation","FY26 SOW6 CX/Martech Discovery & Data Unification","CX - Experience Design","CX - Experience Design - Manager","Mexico","09/01/2026","08/01/2027","6.00","USD","23.72","USD","142.32","USD","396.00","61.72","USD","95662.60","JAPAN AIRLINES","US JALL - JAPAN AIRLINES - SOW6 - Marketing Discovery Initiatives (CX/Martech)"
"Contract Negotiation","FY26 SOW6 CX/Martech Discovery & Data Unification","SEO","SEO - Manager","Mexico","09/01/2026","08/01/2027","3.00","USD","21.45","USD","64.35","USD","180.00","61.72","USD","95662.60","JAPAN AIRLINES","US JALL - JAPAN AIRLINES - SOW6 - Marketing Discovery Initiatives (CX/Martech)"
"Contract Negotiation","FY26 SOW6 CX/Martech Discovery & Data Unification","SEO","SEO - Manager","Mexico","09/01/2026","08/01/2027","3.00","USD","21.45","USD","64.35","USD","180.00","61.72","USD","95662.60","JAPAN AIRLINES","US JALL - JAPAN AIRLINES - SOW6 - Marketing Discovery Initiatives (CX/Martech)"
"Contract Negotiation","FY26 SOW6 CX/Martech Discovery & Data Unification","CX - Web Development","CX - Web Development - Manager","Mexico","09/01/2026","08/01/2027","6.00","USD","23.72","USD","142.32","USD","396.00","61.72","USD","95662.60","JAPAN AIRLINES","US JALL - JAPAN AIRLINES - SOW6 - Marketing Discovery Initiatives (CX/Martech)"
"Contract Negotiation","FY26 SOW6 CX/Martech Discovery & Data Unification","SEO","SEO - Manager","Mexico","09/01/2026","08/01/2027","10.00","USD","21.45","USD","214.50","USD","600.00","61.72","USD","95662.60","JAPAN AIRLINES","US JALL - JAPAN AIRLINES - SOW6 - Marketing Discovery Initiatives (CX/Martech)"
"Contract Negotiation","FY26 SOW6 CX/Martech Discovery & Data Unification","SEO","SEO - Manager","Mexico","09/01/2026","08/01/2027","10.00","USD","21.45","USD","214.50","USD","600.00","61.72","USD","95662.60","JAPAN AIRLINES","US JALL - JAPAN AIRLINES - SOW6 - Marketing Discovery Initiatives (CX/Martech)"
"Contract Negotiation","FY26 SOW6 CX/Martech Discovery & Data Unification","CX - Experience Design","CX - Experience Design - Manager","Mexico","09/01/2026","08/01/2027","5.00","USD","23.72","USD","118.60","USD","330.00","61.72","USD","95662.60","JAPAN AIRLINES","US JALL - JAPAN AIRLINES - SOW6 - Marketing Discovery Initiatives (CX/Martech)"
"Contract Negotiation","FY26 SOW6 CX/Martech Discovery & Data Unification","SEO","SEO - Manager","Mexico","09/01/2026","08/01/2027","5.00","USD","21.45","USD","107.25","USD","300.00","61.72","USD","95662.60","JAPAN AIRLINES","US JALL - JAPAN AIRLINES - SOW6 - Marketing Discovery Initiatives (CX/Martech)"
"Contract Negotiation","FY26 SOW6 CX/Martech Discovery & Data Unification","SEO","SEO - Manager","Mexico","09/01/2026","08/01/2027","5.00","USD","21.45","USD","107.25","USD","300.00","61.72","USD","95662.60","JAPAN AIRLINES","US JALL - JAPAN AIRLINES - SOW6 - Marketing Discovery Initiatives (CX/Martech)"
"Contract Negotiation","FY26 SOW6 CX/Martech Discovery & Data Unification","CX - Experience Optimization","CX - Experience Optimization - Director","Mexico","09/01/2026","08/01/2027","5.00","USD","53.25","USD","266.25","USD","735.00","61.72","USD","95662.60","JAPAN AIRLINES","US JALL - JAPAN AIRLINES - SOW6 - Marketing Discovery Initiatives (CX/Martech)"
"Contract Negotiation","FY26 SOW6 CX/Martech Discovery & Data Unification","CX - Experience Design","CX - Experience Design - Manager","Mexico","09/01/2026","08/01/2027","10.00","USD","23.72","USD","237.20","USD","660.00","61.72","USD","95662.60","JAPAN AIRLINES","US JALL - JAPAN AIRLINES - SOW6 - Marketing Discovery Initiatives (CX/Martech)"
"Contract Negotiation","FY26 SOW6 CX/Martech Discovery & Data Unification","CX - Experience Design","CX - Experience Design - Manager","Mexico","09/01/2026","08/01/2027","10.00","USD","23.72","USD","237.20","USD","660.00","61.72","USD","95662.60","JAPAN AIRLINES","US JALL - JAPAN AIRLINES - SOW6 - Marketing Discovery Initiatives (CX/Martech)"
"Contract Negotiation","FY26 SOW6 CX/Martech Discovery & Data Unification","CX - Experience Design","CX - Experience Design - Manager","Mexico","09/01/2026","08/01/2027","10.00","USD","23.72","USD","237.20","USD","660.00","61.72","USD","95662.60","JAPAN AIRLINES","US JALL - JAPAN AIRLINES - SOW6 - Marketing Discovery Initiatives (CX/Martech)"
"Contract Negotiation","FY26 SOW6 CX/Martech Discovery & Data Unification","CX - Experience Design","CX - Experience Design - Manager","Mexico","09/01/2026","08/01/2027","10.00","USD","23.72","USD","237.20","USD","660.00","61.72","USD","95662.60","JAPAN AIRLINES","US JALL - JAPAN AIRLINES - SOW6 - Marketing Discovery Initiatives (CX/Martech)"
"Contract Negotiation","FY26 SOW6 CX/Martech Discovery & Data Unification","CX - Experience Optimization","CX - Experience Optimization - Director","Mexico","09/01/2026","08/01/2027","6.00","USD","53.25","USD","319.50","USD","882.00","61.72","USD","95662.60","JAPAN AIRLINES","US JALL - JAPAN AIRLINES - SOW6 - Marketing Discovery Initiatives (CX/Martech)"
"Contract Negotiation","FY26 SOW6 CX/Martech Discovery & Data Unification","CX - Experience Design","CX - Experience Design - Manager","Mexico","09/01/2026","08/01/2027","10.00","USD","23.72","USD","237.20","USD","660.00","61.72","USD","95662.60","JAPAN AIRLINES","US JALL - JAPAN AIRLINES - SOW6 - Marketing Discovery Initiatives (CX/Martech)"
"Contract Negotiation","FY26 SOW6 CX/Martech Discovery & Data Unification","CX - Experience Design","CX - Experience Design - Manager","Mexico","09/01/2026","08/01/2027","10.00","USD","23.72","USD","237.20","USD","660.00","61.72","USD","95662.60","JAPAN AIRLINES","US JALL - JAPAN AIRLINES - SOW6 - Marketing Discovery Initiatives (CX/Martech)"
"Contract Negotiation","FY26 SOW6 CX/Martech Discovery & Data Unification","CX - Experience Design","CX - Experience Design - Manager","Mexico","09/01/2026","08/01/2027","10.00","USD","23.72","USD","237.20","USD","660.00","61.72","USD","95662.60","JAPAN AIRLINES","US JALL - JAPAN AIRLINES - SOW6 - Marketing Discovery Initiatives (CX/Martech)"
"Contract Negotiation","FY26 SOW6 CX/Martech Discovery & Data Unification","CX - Experience Design","CX - Experience Design - Manager","Mexico","09/01/2026","08/01/2027","10.00","USD","23.72","USD","237.20","USD","660.00","61.72","USD","95662.60","JAPAN AIRLINES","US JALL - JAPAN AIRLINES - SOW6 - Marketing Discovery Initiatives (CX/Martech)"
"Contract Negotiation","FY26 SOW6 CX/Martech Discovery & Data Unification","CX - Experience Optimization","CX - Experience Optimization - Director","Mexico","09/01/2026","08/01/2027","4.00","USD","53.25","USD","213.00","USD","588.00","61.72","USD","95662.60","JAPAN AIRLINES","US JALL - JAPAN AIRLINES - SOW6 - Marketing Discovery Initiatives (CX/Martech)"
"Contract Negotiation","FY26 SOW6 CX/Martech Discovery & Data Unification","CX - Experience Design","CX - Experience Design - Manager","Mexico","09/01/2026","08/01/2027","5.00","USD","23.72","USD","118.60","USD","330.00","61.72","USD","95662.60","JAPAN AIRLINES","US JALL - JAPAN AIRLINES - SOW6 - Marketing Discovery Initiatives (CX/Martech)"
"Contract Negotiation","FY26 SOW6 CX/Martech Discovery & Data Unification","CX - Experience Design","CX - Experience Design - Manager","Mexico","09/01/2026","08/01/2027","5.00","USD","23.72","USD","118.60","USD","330.00","61.72","USD","95662.60","JAPAN AIRLINES","US JALL - JAPAN AIRLINES - SOW6 - Marketing Discovery Initiatives (CX/Martech)"
"Contract Negotiation","FY26 SOW6 CX/Martech Discovery & Data Unification","CX - Experience Design","CX - Experience Design - Manager","Mexico","09/01/2026","08/01/2027","12.00","USD","23.72","USD","284.64","USD","792.00","61.72","USD","95662.60","JAPAN AIRLINES","US JALL - JAPAN AIRLINES - SOW6 - Marketing Discovery Initiatives (CX/Martech)"
"Contract Negotiation","FY26 SOW6 CX/Martech Discovery & Data Unification","CX - Experience Design","CX - Experience Design - Manager","Mexico","09/01/2026","08/01/2027","6.00","USD","23.72","USD","142.32","USD","396.00","61.72","USD","95662.60","JAPAN AIRLINES","US JALL - JAPAN AIRLINES - SOW6 - Marketing Discovery Initiatives (CX/Martech)"
"Contract Negotiation","FY26 SOW6 CX/Martech Discovery & Data Unification","CX - Experience Optimization","CX - Experience Optimization - Manager","Mexico","09/01/2026","08/01/2027","5.00","USD","23.72","USD","118.60","USD","330.00","61.72","USD","95662.60","JAPAN AIRLINES","US JALL - JAPAN AIRLINES - SOW6 - Marketing Discovery Initiatives (CX/Martech)"
"Contract Negotiation","FY26 SOW6 CX/Martech Discovery & Data Unification","CX - Experience Optimization","CX - Experience Optimization - Director","Mexico","09/01/2026","08/01/2027","2.00","USD","53.25","USD","106.50","USD","294.00","61.72","USD","95662.60","JAPAN AIRLINES","US JALL - JAPAN AIRLINES - SOW6 - Marketing Discovery Initiatives (CX/Martech)"
"Contract Negotiation","FY26 SOW6 CX/Martech Discovery & Data Unification","CX - Experience Design","CX - Experience Design - Manager","Mexico","09/01/2026","08/01/2027","3.00","USD","23.72","USD","71.16","USD","198.00","61.72","USD","95662.60","JAPAN AIRLINES","US JALL - JAPAN AIRLINES - SOW6 - Marketing Discovery Initiatives (CX/Martech)"
"Contract Negotiation","FY26 SOW6 CX/Martech Discovery & Data Unification","CX - Experience Design","CX - Experience Design - Manager","Mexico","09/01/2026","08/01/2027","3.00","USD","23.72","USD","71.16","USD","198.00","61.72","USD","95662.60","JAPAN AIRLINES","US JALL - JAPAN AIRLINES - SOW6 - Marketing Discovery Initiatives (CX/Martech)"
"Contract Negotiation","FY26 SOW6 CX/Martech Discovery & Data Unification","CX - Experience Design","CX - Experience Design - Manager","Mexico","09/01/2026","08/01/2027","5.00","USD","23.72","USD","118.60","USD","330.00","61.72","USD","95662.60","JAPAN AIRLINES","US JALL - JAPAN AIRLINES - SOW6 - Marketing Discovery Initiatives (CX/Martech)"
"Contract Negotiation","FY26 SOW6 CX/Martech Discovery & Data Unification","SEO","SEO - Manager","Mexico","09/01/2026","08/01/2027","2.00","USD","21.45","USD","42.90","USD","120.00","61.72","USD","95662.60","JAPAN AIRLINES","US JALL - JAPAN AIRLINES - SOW6 - Marketing Discovery Initiatives (CX/Martech)"
"Contract Negotiation","FY26 SOW6 CX/Martech Discovery & Data Unification","SEO","SEO - Manager","Mexico","09/01/2026","08/01/2027","2.00","USD","21.45","USD","42.90","USD","120.00","61.72","USD","95662.60","JAPAN AIRLINES","US JALL - JAPAN AIRLINES - SOW6 - Marketing Discovery Initiatives (CX/Martech)"
"Contract Negotiation","FY26 SOW6 CX/Martech Discovery & Data Unification","CX - Experience Optimization","CX - Experience Optimization - Senior Director","Mexico","09/01/2026","08/01/2027","2.00","USD","64.13","USD","128.26","USD","354.00","61.72","USD","95662.60","JAPAN AIRLINES","US JALL - JAPAN AIRLINES - SOW6 - Marketing Discovery Initiatives (CX/Martech)"
"Contract Negotiation","FY26 SOW6 CX/Martech Discovery & Data Unification","CX - Experience Optimization","CX - Experience Optimization - Director","Mexico","09/01/2026","08/01/2027","10.00","USD","53.25","USD","532.50","USD","1470.00","61.72","USD","95662.60","JAPAN AIRLINES","US JALL - JAPAN AIRLINES - SOW6 - Marketing Discovery Initiatives (CX/Martech)"
"Contract Negotiation","FY26 SOW6 CX/Martech Discovery & Data Unification","CX - Experience Optimization","CX - Experience Optimization - Manager","Mexico","09/01/2026","08/01/2027","2.00","USD","23.72","USD","47.44","USD","132.00","61.72","USD","95662.60","JAPAN AIRLINES","US JALL - JAPAN AIRLINES - SOW6 - Marketing Discovery Initiatives (CX/Martech)"
"Contract Negotiation","FY26 SOW6 CX/Martech Discovery & Data Unification","CX - Experience Design","CX - Experience Design - Manager","Mexico","09/01/2026","08/01/2027","5.00","USD","23.72","USD","118.60","USD","330.00","61.72","USD","95662.60","JAPAN AIRLINES","US JALL - JAPAN AIRLINES - SOW6 - Marketing Discovery Initiatives (CX/Martech)"
"Contract Negotiation","FY26 SOW6 CX/Martech Discovery & Data Unification","CX - Experience Design","CX - Experience Design - Manager","Mexico","09/01/2026","08/01/2027","10.00","USD","23.72","USD","237.20","USD","660.00","61.72","USD","95662.60","JAPAN AIRLINES","US JALL - JAPAN AIRLINES - SOW6 - Marketing Discovery Initiatives (CX/Martech)"
"Contract Negotiation","FY26 SOW6 CX/Martech Discovery & Data Unification","CX - Experience Optimization","CX - Experience Optimization - Director","Mexico","09/01/2026","08/01/2027","1.00","USD","53.25","USD","53.25","USD","147.00","61.72","USD","95662.60","JAPAN AIRLINES","US JALL - JAPAN AIRLINES - SOW6 - Marketing Discovery Initiatives (CX/Martech)"
"Contract Negotiation","FY26 SOW6 CX/Martech Discovery & Data Unification","CX - Experience Design","CX - Experience Design - Manager","Mexico","09/01/2026","08/01/2027","10.00","USD","23.72","USD","237.20","USD","660.00","61.72","USD","95662.60","JAPAN AIRLINES","US JALL - JAPAN AIRLINES - SOW6 - Marketing Discovery Initiatives (CX/Martech)"
"Contract Negotiation","FY26 SOW6 CX/Martech Discovery & Data Unification","CX - Experience Design","CX - Experience Design - Manager","Mexico","09/01/2026","08/01/2027","10.00","USD","23.72","USD","237.20","USD","660.00","61.72","USD","95662.60","JAPAN AIRLINES","US JALL - JAPAN AIRLINES - SOW6 - Marketing Discovery Initiatives (CX/Martech)"
"Contract Negotiation","FY26 SOW6 CX/Martech Discovery & Data Unification","CX - Experience Optimization","CX - Experience Optimization - Director","Mexico","09/01/2026","08/01/2027","2.00","USD","53.25","USD","106.50","USD","294.00","61.72","USD","95662.60","JAPAN AIRLINES","US JALL - JAPAN AIRLINES - SOW6 - Marketing Discovery Initiatives (CX/Martech)"
"Contract Negotiation","FY26 SOW6 CX/Martech Discovery & Data Unification","CX - Experience Design","CX - Experience Design - Manager","Mexico","09/01/2026","08/01/2027","10.00","USD","23.72","USD","237.20","USD","660.00","61.72","USD","95662.60","JAPAN AIRLINES","US JALL - JAPAN AIRLINES - SOW6 - Marketing Discovery Initiatives (CX/Martech)"
"Contract Negotiation","FY26 SOW6 CX/Martech Discovery & Data Unification","CX - Experience Optimization","CX - Experience Optimization - Senior Director","Mexico","09/01/2026","08/01/2027","5.00","USD","64.13","USD","320.65","USD","885.00","61.72","USD","95662.60","JAPAN AIRLINES","US JALL - JAPAN AIRLINES - SOW6 - Marketing Discovery Initiatives (CX/Martech)"
"Contract Negotiation","FY26 SOW6 CX/Martech Discovery & Data Unification","CX - Experience Optimization","CX - Experience Optimization - Senior Manager","Brazil","09/01/2026","08/01/2027","20.00","USD","40.23","USD","804.60","USD","1456.60","61.72","USD","95662.60","JAPAN AIRLINES","US JALL - JAPAN AIRLINES - SOW6 - Marketing Discovery Initiatives (CX/Martech)"
"Contract Negotiation","FY26 SOW6 CX/Martech Discovery & Data Unification","CX - Experience Optimization","CX - Experience Optimization - Manager","Mexico","09/01/2026","08/01/2027","20.00","USD","23.72","USD","474.40","USD","1320.00","61.72","USD","95662.60","JAPAN AIRLINES","US JALL - JAPAN AIRLINES - SOW6 - Marketing Discovery Initiatives (CX/Martech)"
"Contract Negotiation","FY26 SOW6 CX/Martech Discovery & Data Unification","CX - Experience Optimization","CX - Experience Optimization - Director","Mexico","09/01/2026","08/01/2027","6.00","USD","53.25","USD","319.50","USD","882.00","61.72","USD","95662.60","JAPAN AIRLINES","US JALL - JAPAN AIRLINES - SOW6 - Marketing Discovery Initiatives (CX/Martech)"
"Contract Negotiation","FY26 SOW6 CX/Martech Discovery & Data Unification","CX - Experience Design","CX - Experience Design - Manager","Mexico","09/01/2026","08/01/2027","10.00","USD","23.72","USD","237.20","USD","660.00","61.72","USD","95662.60","JAPAN AIRLINES","US JALL - JAPAN AIRLINES - SOW6 - Marketing Discovery Initiatives (CX/Martech)"
"Contract Negotiation","FY26 SOW6 CX/Martech Discovery & Data Unification","CX - Experience Design","CX - Experience Design - Manager","Mexico","09/01/2026","08/01/2027","10.00","USD","23.72","USD","237.20","USD","660.00","61.72","USD","95662.60","JAPAN AIRLINES","US JALL - JAPAN AIRLINES - SOW6 - Marketing Discovery Initiatives (CX/Martech)"
"Contract Negotiation","FY26 SOW6 CX/Martech Discovery & Data Unification","CX - Experience Design","CX - Experience Design - Manager","Mexico","09/01/2026","08/01/2027","10.00","USD","23.72","USD","237.20","USD","660.00","61.72","USD","95662.60","JAPAN AIRLINES","US JALL - JAPAN AIRLINES - SOW6 - Marketing Discovery Initiatives (CX/Martech)"
"Contract Negotiation","FY26 SOW6 CX/Martech Discovery & Data Unification","SEO","SEO - Manager","Mexico","09/01/2026","08/01/2027","2.00","USD","21.45","USD","42.90","USD","120.00","61.72","USD","95662.60","JAPAN AIRLINES","US JALL - JAPAN AIRLINES - SOW6 - Marketing Discovery Initiatives (CX/Martech)"
"Contract Negotiation","FY26 SOW6 CX/Martech Discovery & Data Unification","SEO","SEO - Manager","Mexico","09/01/2026","08/01/2027","2.00","USD","21.45","USD","42.90","USD","120.00","61.72","USD","95662.60","JAPAN AIRLINES","US JALL - JAPAN AIRLINES - SOW6 - Marketing Discovery Initiatives (CX/Martech)"
"Contract Negotiation","FY26 SOW6 CX/Martech Discovery & Data Unification","CX - Web Development","CX - Web Development - Manager","Mexico","09/01/2026","08/01/2027","2.00","USD","23.72","USD","47.44","USD","132.00","61.72","USD","95662.60","JAPAN AIRLINES","US JALL - JAPAN AIRLINES - SOW6 - Marketing Discovery Initiatives (CX/Martech)"
"Contract Negotiation","FY26 SOW6 CX/Martech Discovery & Data Unification","Analytics","Analytics - VP +","United States","09/01/2026","08/01/2027","16.00","USD","200.12","USD","3201.92","USD","8016.00","61.72","USD","95662.60","JAPAN AIRLINES","US JALL - JAPAN AIRLINES - SOW6 - Marketing Discovery Initiatives (CX/Martech)"
"Contract Negotiation","FY26 SOW6 CX/Martech Discovery & Data Unification","Analytics","Analytics - Senior Director","United States","09/01/2026","08/01/2027","5.50","USD","155.21","USD","853.66","USD","2139.50","61.72","USD","95662.60","JAPAN AIRLINES","US JALL - JAPAN AIRLINES - SOW6 - Marketing Discovery Initiatives (CX/Martech)"
"Contract Negotiation","FY26 SOW6 CX/Martech Discovery & Data Unification","Analytics","Analytics - Senior Manager","United States","09/01/2026","08/01/2027","28.00","USD","118.77","USD","3325.56","USD","8316.00","61.72","USD","95662.60","JAPAN AIRLINES","US JALL - JAPAN AIRLINES - SOW6 - Marketing Discovery Initiatives (CX/Martech)"
"Contract Negotiation","FY26 SOW6 CX/Martech Discovery & Data Unification","Analytics","Analytics - Executive","United States","09/01/2026","08/01/2027","26.50","USD","55.17","USD","1462.01","USD","3657.00","61.72","USD","95662.60","JAPAN AIRLINES","US JALL - JAPAN AIRLINES - SOW6 - Marketing Discovery Initiatives (CX/Martech)"
"Prospect","Internal Jellyfish Sizzle","Design & Production","Design & Production - Director","United States","02/12/2025","01/03/2026","80.00","USD","119.63","USD","9570.40","USD","24000.00","60.13","USD","25685.60","Jellyfish","UK JFUS - Jellyfish - Jellyfish 2026 Company Sizzle"
"Prospect","Internal Jellyfish Sizzle","Design & Production","Design & Production - Senior Manager","United States","02/12/2025","01/03/2026","80.00","USD","93.30","USD","7464.00","USD","18720.00","60.13","USD","25685.60","Jellyfish","UK JFUS - Jellyfish - Jellyfish 2026 Company Sizzle"
"Scoping / Engagement","Keypath Education Pty Ltd Analytics Retainer January 2026","Analytics","Analytics - Senior Manager","Australia","01/01/2026","31/12/2027","10.00","USD","66.27","USD","662.68","USD","2425.81","74.71","USD","8114.36","Keypath Education Australia Pty Ltd","AU KEYC - Keypath Education Australia Pty Ltd - AU Keypath Analytics Retainer January 2026"
"Scoping / Engagement","Keypath Education Pty Ltd Analytics Retainer January 2026","Analytics","Analytics - Manager","Australia","01/01/2026","31/12/2027","6.00","USD","44.43","USD","266.59","USD","1057.52","74.71","USD","8114.36","Keypath Education Australia Pty Ltd","AU KEYC - Keypath Education Australia Pty Ltd - AU Keypath Analytics Retainer January 2026"
"Scoping / Engagement","Keypath Education Pty Ltd Analytics Retainer January 2026","Analytics","Analytics - Director","Australia","01/01/2026","31/12/2027","6.00","USD","75.79","USD","454.71","USD","1596.34","74.71","USD","8114.36","Keypath Education Australia Pty Ltd","AU KEYC - Keypath Education Australia Pty Ltd - AU Keypath Analytics Retainer January 2026"
"Scoping / Engagement","Keypath Education Pty Ltd Analytics Retainer January 2026","Analytics","Analytics - Executive","Australia","01/01/2026","31/12/2027","10.00","USD","8.72","USD","87.20","USD","1352.64","74.71","USD","8114.36","Keypath Education Australia Pty Ltd","AU KEYC - Keypath Education Australia Pty Ltd - AU Keypath Analytics Retainer January 2026"
"Scoping / Engagement","Keypath Education Pty Ltd Analytics Retainer January 2026","Analytics","Analytics - Director","Australia","01/01/2026","31/12/2027","2.00","USD","75.79","USD","151.57","USD","532.11","74.71","USD","8114.36","Keypath Education Australia Pty Ltd","AU KEYC - Keypath Education Australia Pty Ltd - AU Keypath Analytics Retainer January 2026"
"Scoping / Engagement","Keypath Education Pty Ltd Analytics Retainer January 2026","Client Management","Client Management - Senior Manager","Australia","01/01/2026","31/12/2027","12.00","USD","61.59","USD","739.06","USD","2535.37","74.71","USD","8114.36","Keypath Education Australia Pty Ltd","AU KEYC - Keypath Education Australia Pty Ltd - AU Keypath Analytics Retainer January 2026"
"Scoping / Engagement","Keypath Education Pty Ltd Analytics Retainer January 2026","Project Management","Project Management - Senior Manager","Australia","01/01/2026","31/12/2027","6.00","USD","53.50","USD","321.01","USD","1150.30","74.71","USD","8114.36","Keypath Education Australia Pty Ltd","AU KEYC - Keypath Education Australia Pty Ltd - AU Keypath Analytics Retainer January 2026"
"Scoping / Engagement","Keypath Education Pty Ltd Analytics Retainer January 2026","Project Management","Project Management - Director","Australia","01/01/2026","31/12/2027","1.00","USD","64.20","USD","64.20","USD","211.28","74.71","USD","8114.36","Keypath Education Australia Pty Ltd","AU KEYC - Keypath Education Australia Pty Ltd - AU Keypath Analytics Retainer January 2026"
"Contract Negotiation","L'Oreal MYSG TikTok eAPI Implementations","Analytics","Analytics - Senior Manager","Singapore","03/03/2025","31/12/2025","40.00","USD","103.43","USD","4137.31","USD","5270.63","21.50","USD","4558.47","L'Oréal Singapore","L'Oréal Singapore - WEBA000 - L'Oreal MYSG TiktTok implementations"
"Contract Negotiation","L'Oreal MYSG TikTok eAPI Implementations","Client Management","Client Management - Director","Singapore","03/03/2025","31/12/2025","12.00","USD","123.13","USD","1477.61","USD","1882.36","21.50","USD","4558.47","L'Oréal Singapore","L'Oréal Singapore - WEBA000 - L'Oreal MYSG TiktTok implementations"
"Contract Negotiation","L'Oreal MYSG TikTok eAPI Implementations","Project Management","Project Management - Senior Director","Singapore","03/03/2025","31/12/2025","8.00","USD","135.59","USD","1084.74","USD","1381.81","21.50","USD","4558.47","L'Oréal Singapore","L'Oréal Singapore - WEBA000 - L'Oreal MYSG TiktTok implementations"
"Contract Negotiation","L'Oreal MYSG TikTok eAPI Implementations","Analytics","Analytics - Executive","Singapore","03/03/2025","31/12/2025","29.37","USD","53.89","USD","1582.73","USD","2016.35","21.50","USD","4558.47","L'Oréal Singapore","L'Oréal Singapore - WEBA000 - L'Oreal MYSG TiktTok implementations"
"Contract Negotiation","L'Oreal MYSG TikTok eAPI Implementations","Analytics","Analytics - Senior Manager","Singapore","03/03/2025","31/12/2025","55.00","USD","103.43","USD","5688.81","USD","7247.12","21.50","USD","4558.47","L'Oréal Singapore","L'Oréal Singapore - WEBA000 - L'Oreal MYSG TiktTok implementations"
"Contract Negotiation","L'Oreal MYSG TikTok eAPI Implementations","Client Management","Client Management - Director","Singapore","03/03/2025","31/12/2025","20.00","USD","123.13","USD","2462.69","USD","3137.27","21.50","USD","4558.47","L'Oréal Singapore","L'Oréal Singapore - WEBA000 - L'Oreal MYSG TiktTok implementations"
"Contract Negotiation","L'Oreal MYSG TikTok eAPI Implementations","Project Management","Project Management - Senior Director","Singapore","03/03/2025","31/12/2025","1.53","USD","135.59","USD","207.46","USD","264.27","21.50","USD","4558.47","L'Oréal Singapore","L'Oréal Singapore - WEBA000 - L'Oreal MYSG TiktTok implementations"
"Shortlisted / Final Stages","MarTech Strategy (Phase 2)","Analytics","Analytics - Director","Australia","17/02/2026","30/04/2026","3.00","USD","75.79","USD","227.36","USD","798.17","71.90","USD","21325.18","Lifestyle Communities Ltd","AU LIFF - Lifestyle Communities Ltd - MarTech Strategy (Phase 2)"
"Shortlisted / Final Stages","MarTech Strategy (Phase 2)","Analytics","Analytics - Director","Australia","17/02/2026","30/04/2026","10.00","USD","75.79","USD","757.85","USD","2660.57","71.90","USD","21325.18","Lifestyle Communities Ltd","AU LIFF - Lifestyle Communities Ltd - MarTech Strategy (Phase 2)"
"Shortlisted / Final Stages","MarTech Strategy (Phase 2)","Analytics","Analytics - Director","Australia","17/02/2026","30/04/2026","2.50","USD","75.79","USD","189.46","USD","665.14","71.90","USD","21325.18","Lifestyle Communities Ltd","AU LIFF - Lifestyle Communities Ltd - MarTech Strategy (Phase 2)"
"Shortlisted / Final Stages","MarTech Strategy (Phase 2)","Analytics","Analytics - Senior Manager","Australia","17/02/2026","30/04/2026","2.50","USD","66.27","USD","165.67","USD","606.45","71.90","USD","21325.18","Lifestyle Communities Ltd","AU LIFF - Lifestyle Communities Ltd - MarTech Strategy (Phase 2)"
"Shortlisted / Final Stages","MarTech Strategy (Phase 2)","Analytics","Analytics - Director","Australia","17/02/2026","30/04/2026","10.00","USD","75.79","USD","757.85","USD","2660.57","71.90","USD","21325.18","Lifestyle Communities Ltd","AU LIFF - Lifestyle Communities Ltd - MarTech Strategy (Phase 2)"
"Shortlisted / Final Stages","MarTech Strategy (Phase 2)","Analytics","Analytics - Director","Australia","17/02/2026","30/04/2026","10.00","USD","75.79","USD","757.85","USD","2660.57","71.90","USD","21325.18","Lifestyle Communities Ltd","AU LIFF - Lifestyle Communities Ltd - MarTech Strategy (Phase 2)"
"Shortlisted / Final Stages","MarTech Strategy (Phase 2)","Analytics","Analytics - Senior Manager","Australia","17/02/2026","30/04/2026","5.00","USD","66.27","USD","331.34","USD","1212.91","71.90","USD","21325.18","Lifestyle Communities Ltd","AU LIFF - Lifestyle Communities Ltd - MarTech Strategy (Phase 2)"
"Shortlisted / Final Stages","MarTech Strategy (Phase 2)","Analytics","Analytics - Director","Australia","17/02/2026","30/04/2026","5.00","USD","75.79","USD","378.93","USD","1330.28","71.90","USD","21325.18","Lifestyle Communities Ltd","AU LIFF - Lifestyle Communities Ltd - MarTech Strategy (Phase 2)"
"Shortlisted / Final Stages","MarTech Strategy (Phase 2)","Analytics","Analytics - Senior Manager","Australia","17/02/2026","30/04/2026","15.00","USD","66.27","USD","994.02","USD","3638.72","71.90","USD","21325.18","Lifestyle Communities Ltd","AU LIFF - Lifestyle Communities Ltd - MarTech Strategy (Phase 2)"
"Shortlisted / Final Stages","MarTech Strategy (Phase 2)","Analytics","Analytics - Director","Australia","17/02/2026","30/04/2026","10.00","USD","75.79","USD","757.85","USD","2660.57","71.90","USD","21325.18","Lifestyle Communities Ltd","AU LIFF - Lifestyle Communities Ltd - MarTech Strategy (Phase 2)"
"Shortlisted / Final Stages","MarTech Strategy (Phase 2)","Analytics","Analytics - Senior Manager","Australia","17/02/2026","30/04/2026","15.00","USD","66.27","USD","994.02","USD","3638.72","71.90","USD","21325.18","Lifestyle Communities Ltd","AU LIFF - Lifestyle Communities Ltd - MarTech Strategy (Phase 2)"
"Shortlisted / Final Stages","MarTech Strategy (Phase 2)","Analytics","Analytics - Director","Australia","17/02/2026","30/04/2026","7.00","USD","75.79","USD","530.50","USD","1862.40","71.90","USD","21325.18","Lifestyle Communities Ltd","AU LIFF - Lifestyle Communities Ltd - MarTech Strategy (Phase 2)"
"Shortlisted / Final Stages","MarTech Strategy (Phase 2)","Client Management","Client Management - Director","Australia","17/02/2026","30/04/2026","5.00","USD","67.04","USD","335.22","USD","1154.22","71.90","USD","21325.18","Lifestyle Communities Ltd","AU LIFF - Lifestyle Communities Ltd - MarTech Strategy (Phase 2)"
"Shortlisted / Final Stages","MarTech Strategy (Phase 2)","Client Management","Client Management - Director","Australia","17/02/2026","30/04/2026","4.00","USD","67.04","USD","268.17","USD","923.37","71.90","USD","21325.18","Lifestyle Communities Ltd","AU LIFF - Lifestyle Communities Ltd - MarTech Strategy (Phase 2)"
"Shortlisted / Final Stages","MarTech Strategy (Phase 2)","Project Management","Project Management - Senior Manager","Australia","17/02/2026","30/04/2026","10.00","USD","53.50","USD","535.02","USD","1917.17","71.90","USD","21325.18","Lifestyle Communities Ltd","AU LIFF - Lifestyle Communities Ltd - MarTech Strategy (Phase 2)"
"Shortlisted / Final Stages","MarTech Strategy (Phase 2)","Analytics","Analytics - Director","Australia","17/02/2026","30/04/2026","2.50","USD","75.79","USD","189.46","USD","665.14","71.90","USD","21325.18","Lifestyle Communities Ltd","AU LIFF - Lifestyle Communities Ltd - MarTech Strategy (Phase 2)"
"Shortlisted / Final Stages","MarTech Strategy (Phase 2)","Analytics","Analytics - Senior Manager","Australia","17/02/2026","30/04/2026","2.50","USD","66.27","USD","165.67","USD","606.45","71.90","USD","21325.18","Lifestyle Communities Ltd","AU LIFF - Lifestyle Communities Ltd - MarTech Strategy (Phase 2)"
"Pitch","GA4 & GTM Tracking V2","Client Management","Client Management - Senior Director","South Africa","02/02/2026","30/04/2026","15.00","USD","41.36","USD","620.40","USD","1560.00","60.30","USD","5467.48","Lisaf Technologies Limited T/A Betzetu","SA LISA - Lisaf Technologies Limited T/A Betzetu - Analytics Tracking"
"Pitch","GA4 & GTM Tracking V2","Project Management","Project Management - Director","South Africa","02/02/2026","30/04/2026","20.50","USD","35.61","USD","730.01","USD","1845.00","60.30","USD","5467.48","Lisaf Technologies Limited T/A Betzetu","SA LISA - Lisaf Technologies Limited T/A Betzetu - Analytics Tracking"
"Pitch","GA4 & GTM Tracking V2","Analytics","Analytics - Director","South Africa","02/02/2026","30/04/2026","26.00","USD","42.52","USD","1105.52","USD","2782.00","60.30","USD","5467.48","Lisaf Technologies Limited T/A Betzetu","SA LISA - Lisaf Technologies Limited T/A Betzetu - Analytics Tracking"
"Pitch","GA4 & GTM Tracking V2","Analytics","Analytics - Manager","South Africa","02/02/2026","30/04/2026","60.00","USD","19.06","USD","1143.60","USD","2880.00","60.30","USD","5467.48","Lisaf Technologies Limited T/A Betzetu","SA LISA - Lisaf Technologies Limited T/A Betzetu - Analytics Tracking"
"Proposal / Presentation","Amazon DSP set up + licence","Partnerships - Growth","Partnerships - Growth - Senior Manager","France","15/03/2026","28/02/2027","11.11","USD","60.50","USD","672.21","USD","1689.91","30.43","USD","5363.62","Luceedx","FR LUCE - Luceedx - Licence and set up Amz DSP"
"Prospect","Health Care Practitioners (HCP) Media","Client Management","Client Management - Director","United States","02/03/2026","31/08/2026","25.00","USD","124.19","USD","3104.75","USD","7775.00","60.08","USD","16408.95","Metagenics","US METG - Metagenics - METG US HCP Media"
"Prospect","Health Care Practitioners (HCP) Media","Project Management","Project Management - Manager","United States","02/03/2026","31/08/2026","2.00","USD","58.85","USD","117.70","USD","296.00","60.08","USD","16408.95","Metagenics","US METG - Metagenics - METG US HCP Media"
"Prospect","Health Care Practitioners (HCP) Media","Media Strategy","Media Strategy - Senior Director","United States","02/03/2026","31/08/2026","10.00","USD","147.12","USD","1471.20","USD","3680.00","60.08","USD","16408.95","Metagenics","US METG - Metagenics - METG US HCP Media"
"Prospect","Health Care Practitioners (HCP) Media","Paid Social","Paid Social - Senior Director","United States","02/03/2026","31/08/2026","40.00","USD","155.21","USD","6208.40","USD","15560.00","60.08","USD","16408.95","Metagenics","US METG - Metagenics - METG US HCP Media"
"Contract Negotiation","FLRT Staffing Estimate 2026","Paid Media","Paid Media - Director","United States","01/01/2026","31/12/2026","597.60","USD","206.49","USD","123398.42","USD","157192.70","25.96","USD","232388.93","Monster Energy","US MNEN - Monster Energy - FLRT - Paid Media"
"Contract Negotiation","FLRT Staffing Estimate 2026","Paid Media","Paid Media - Senior Manager","India","01/01/2026","31/12/2026","996.00","USD","31.24","USD","31115.04","USD","39640.80","25.96","USD","232388.93","Monster Energy","US MNEN - Monster Energy - FLRT - Paid Media"
"Contract Negotiation","FLRT Staffing Estimate 2026","Paid Media","Paid Media - Manager","India","01/01/2026","31/12/2026","996.00","USD","21.00","USD","20916.00","USD","26643.00","25.96","USD","232388.93","Monster Energy","US MNEN - Monster Energy - FLRT - Paid Media"
"Contract Negotiation","FLRT Staffing Estimate 2026","Media Strategy","Media Strategy - Director","United States","01/01/2026","31/12/2026","996.00","USD","228.22","USD","227307.12","USD","313740.00","25.96","USD","232388.93","Monster Energy","US MNEN - Monster Energy - FLRT - Paid Media"
"Contract Negotiation","FLRT Staffing Estimate 2026","Direct Investment","Direct Investment - Manager","India","01/01/2026","31/12/2026","996.00","USD","22.11","USD","22021.56","USD","54780.00","25.96","USD","232388.93","Monster Energy","US MNEN - Monster Energy - FLRT - Paid Media"
"Contract Negotiation","FLRT Staffing Estimate 2026","Investment Analytics","Investment Analytics - Senior Manager","United States","01/01/2026","31/12/2026","498.00","USD","182.58","USD","90924.84","USD","115829.82","25.96","USD","232388.93","Monster Energy","US MNEN - Monster Energy - FLRT - Paid Media"
"Contract Negotiation","FLRT Staffing Estimate 2026","Investment Analytics","Investment Analytics - Executive","India","01/01/2026","31/12/2026","1004.00","USD","20.56","USD","20642.24","USD","26294.76","25.96","USD","232388.93","Monster Energy","US MNEN - Monster Energy - FLRT - Paid Media"
"Contract Negotiation","FLRT Staffing Estimate 2026","Account Management","Account Management - Director","United States","01/01/2026","31/12/2026","398.40","USD","217.36","USD","86596.22","USD","110312.98","25.96","USD","232388.93","Monster Energy","US MNEN - Monster Energy - FLRT - Paid Media"
"Contract Negotiation","FLRT Staffing Estimate 2026","Project Management","Project Management - Manager","Brazil","01/01/2026","31/12/2026","996.00","USD","39.86","USD","39700.56","USD","50576.88","25.96","USD","232388.93","Monster Energy","US MNEN - Monster Energy - FLRT - Paid Media"
"Contract Negotiation","Moonpig - Meridian MMM Build","Investment Analytics","Investment Analytics - Senior Manager","United States","01/07/2025","30/09/2025","170.00","USD","197.13","USD","33512.74","USD","42692.10","25.02","USD","15075.12","Moonpig","Moonpig - MART002 - Now, Next, Soon Model Build"
"Contract Negotiation","Moonpig - Meridian MMM Build","Investment Analytics","Investment Analytics - Director","United Kingdom","01/07/2025","30/09/2025","42.00","USD","177.75","USD","7465.34","USD","9510.27","25.02","USD","15075.12","Moonpig","Moonpig - MART002 - Now, Next, Soon Model Build"
"Contract Negotiation","Moonpig - Meridian MMM Build","Project Management","Project Management - Director","United Kingdom","01/07/2025","30/09/2025","4.00","USD","133.31","USD","533.23","USD","962.50","25.02","USD","15075.12","Moonpig","Moonpig - MART002 - Now, Next, Soon Model Build"
"Contract Negotiation","Moonpig - Meridian MMM Build","Media Strategy","Media Strategy - Director","United Kingdom","01/07/2025","30/09/2025","16.00","USD","155.53","USD","2488.42","USD","4950.00","25.02","USD","15075.12","Moonpig","Moonpig - MART002 - Now, Next, Soon Model Build"
"Contract Negotiation","Moonpig - Meridian MMM Build","Client Management","Client Management - Director","United Kingdom","01/07/2025","30/09/2025","8.00","USD","148.13","USD","1185.03","USD","2145.00","25.02","USD","15075.12","Moonpig","Moonpig - MART002 - Now, Next, Soon Model Build"
"Shortlisted / Final Stages","GA Audit","Analytics","Analytics - Director","United Kingdom","09/03/2026","30/04/2026","30.00","USD","93.23","USD","2796.75","USD","7012.50","60.18","USD","12460.86","Mulberry Group PLC","UK MULC - Mulberry Group PLC - GA Audit"
"Shortlisted / Final Stages","GA Audit","Analytics","Analytics - Senior Manager","United Kingdom","09/03/2026","30/04/2026","42.00","USD","71.06","USD","2984.52","USD","7507.50","60.18","USD","12460.86","Mulberry Group PLC","UK MULC - Mulberry Group PLC - GA Audit"
"Shortlisted / Final Stages","GA Audit","Analytics","Analytics - Senior Director","United Kingdom","09/03/2026","30/04/2026","10.00","USD","111.65","USD","1116.50","USD","2791.25","60.18","USD","12460.86","Mulberry Group PLC","UK MULC - Mulberry Group PLC - GA Audit"
"Shortlisted / Final Stages","GA Audit","Client Management","Client Management - Director","United Kingdom","09/03/2026","30/04/2026","10.00","USD","78.77","USD","787.74","USD","1980.00","60.18","USD","12460.86","Mulberry Group PLC","UK MULC - Mulberry Group PLC - GA Audit"
"Shortlisted / Final Stages","GA Audit","Project Management","Project Management - Senior Manager","United Kingdom","09/03/2026","30/04/2026","10.00","USD","56.11","USD","561.14","USD","1416.25","60.18","USD","12460.86","Mulberry Group PLC","UK MULC - Mulberry Group PLC - GA Audit"
"Prospect","Migration","Analytics","Analytics - Director","United Kingdom","01/05/2026","31/07/2026","20.00","USD","93.23","USD","1864.50","USD","4675.00","60.16","USD","12010.14","Mulberry Group PLC","UK MULC - Mulberry Group PLC - Site Migration"
"Prospect","Migration","Analytics","Analytics - Senior Manager","United Kingdom","01/05/2026","31/07/2026","30.00","USD","71.06","USD","2131.80","USD","5362.50","60.16","USD","12010.14","Mulberry Group PLC","UK MULC - Mulberry Group PLC - Site Migration"
"Prospect","Migration","Analytics","Analytics - Manager","United Kingdom","01/05/2026","31/07/2026","45.00","USD","53.80","USD","2421.17","USD","6063.75","60.16","USD","12010.14","Mulberry Group PLC","UK MULC - Mulberry Group PLC - Site Migration"
"Prospect","Migration","Client Management","Client Management - Senior Director","United Kingdom","01/05/2026","31/07/2026","10.00","USD","97.63","USD","976.25","USD","2447.50","60.16","USD","12010.14","Mulberry Group PLC","UK MULC - Mulberry Group PLC - Site Migration"
"Prospect","Migration","Project Management","Project Management - Senior Manager","United Kingdom","01/05/2026","31/07/2026","10.00","USD","56.11","USD","561.14","USD","1416.25","60.16","USD","12010.14","Mulberry Group PLC","UK MULC - Mulberry Group PLC - Site Migration"
"Shortlisted / Final Stages","Multisite Analytics","Analytics","Analytics - Executive","Australia","12/01/2026","30/11/2026","8.00","USD","8.72","USD","69.76","USD","1082.11","74.86","USD","194557.74","Myer Pty Ltd","AU MYPL - Myer Pty Ltd - Multisite Analytics Implementation"
"Shortlisted / Final Stages","Multisite Analytics","Analytics","Analytics - Manager","Australia","12/01/2026","30/11/2026","8.00","USD","44.43","USD","355.46","USD","1410.03","74.86","USD","194557.74","Myer Pty Ltd","AU MYPL - Myer Pty Ltd - Multisite Analytics Implementation"
"Shortlisted / Final Stages","Multisite Analytics","Analytics","Analytics - Senior Manager","Australia","12/01/2026","30/11/2026","8.00","USD","66.27","USD","530.15","USD","1940.65","74.86","USD","194557.74","Myer Pty Ltd","AU MYPL - Myer Pty Ltd - Multisite Analytics Implementation"
"Shortlisted / Final Stages","Multisite Analytics","Project Management","Project Management - Senior Manager","Australia","12/01/2026","30/11/2026","8.00","USD","53.50","USD","428.02","USD","1533.74","74.86","USD","194557.74","Myer Pty Ltd","AU MYPL - Myer Pty Ltd - Multisite Analytics Implementation"
"Shortlisted / Final Stages","Multisite Analytics","Client Management","Client Management - Director","Australia","12/01/2026","30/11/2026","8.00","USD","67.04","USD","536.35","USD","1846.75","74.86","USD","194557.74","Myer Pty Ltd","AU MYPL - Myer Pty Ltd - Multisite Analytics Implementation"
"Shortlisted / Final Stages","Multisite Analytics","Project Management","Project Management - Senior Manager","Australia","12/01/2026","30/11/2026","8.00","USD","53.50","USD","428.02","USD","1533.74","74.86","USD","194557.74","Myer Pty Ltd","AU MYPL - Myer Pty Ltd - Multisite Analytics Implementation"
"Shortlisted / Final Stages","Multisite Analytics","Cloud","Cloud - Senior Manager","Australia","12/01/2026","30/11/2026","2.00","USD","72.95","USD","145.91","USD","485.16","74.86","USD","194557.74","Myer Pty Ltd","AU MYPL - Myer Pty Ltd - Multisite Analytics Implementation"
"Shortlisted / Final Stages","Multisite Analytics","Cloud","Cloud - Senior Manager","Australia","12/01/2026","30/11/2026","4.00","USD","72.95","USD","291.81","USD","970.33","74.86","USD","194557.74","Myer Pty Ltd","AU MYPL - Myer Pty Ltd - Multisite Analytics Implementation"
"Shortlisted / Final Stages","Multisite Analytics","Analytics","Analytics - Manager","Australia","12/01/2026","30/11/2026","5.00","USD","44.43","USD","222.16","USD","881.27","74.86","USD","194557.74","Myer Pty Ltd","AU MYPL - Myer Pty Ltd - Multisite Analytics Implementation"
"Shortlisted / Final Stages","Multisite Analytics","Analytics","Analytics - Senior Manager","Australia","12/01/2026","30/11/2026","25.00","USD","66.27","USD","1656.71","USD","6064.53","74.86","USD","194557.74","Myer Pty Ltd","AU MYPL - Myer Pty Ltd - Multisite Analytics Implementation"
"Shortlisted / Final Stages","Multisite Analytics","Analytics","Analytics - Executive","Australia","12/01/2026","30/11/2026","5.00","USD","8.72","USD","43.60","USD","676.32","74.86","USD","194557.74","Myer Pty Ltd","AU MYPL - Myer Pty Ltd - Multisite Analytics Implementation"
"Shortlisted / Final Stages","Multisite Analytics","Analytics","Analytics - Senior Manager","Australia","12/01/2026","30/11/2026","3.00","USD","66.27","USD","198.80","USD","727.74","74.86","USD","194557.74","Myer Pty Ltd","AU MYPL - Myer Pty Ltd - Multisite Analytics Implementation"
"Shortlisted / Final Stages","Multisite Analytics","Analytics","Analytics - Manager","Australia","12/01/2026","30/11/2026","10.00","USD","44.43","USD","444.32","USD","1762.53","74.86","USD","194557.74","Myer Pty Ltd","AU MYPL - Myer Pty Ltd - Multisite Analytics Implementation"
"Shortlisted / Final Stages","Multisite Analytics","Analytics","Analytics - Senior Manager","Australia","12/01/2026","30/11/2026","10.00","USD","66.27","USD","662.68","USD","2425.81","74.86","USD","194557.74","Myer Pty Ltd","AU MYPL - Myer Pty Ltd - Multisite Analytics Implementation"
"Shortlisted / Final Stages","Multisite Analytics","Analytics","Analytics - Senior Manager","Australia","12/01/2026","30/11/2026","5.00","USD","66.27","USD","331.34","USD","1212.91","74.86","USD","194557.74","Myer Pty Ltd","AU MYPL - Myer Pty Ltd - Multisite Analytics Implementation"
"Shortlisted / Final Stages","Multisite Analytics","Analytics","Analytics - Manager","Australia","12/01/2026","30/11/2026","20.00","USD","44.43","USD","888.64","USD","3525.07","74.86","USD","194557.74","Myer Pty Ltd","AU MYPL - Myer Pty Ltd - Multisite Analytics Implementation"
"Shortlisted / Final Stages","Multisite Analytics","Analytics","Analytics - Senior Manager","Australia","12/01/2026","30/11/2026","5.00","USD","66.27","USD","331.34","USD","1212.91","74.86","USD","194557.74","Myer Pty Ltd","AU MYPL - Myer Pty Ltd - Multisite Analytics Implementation"
"Shortlisted / Final Stages","Multisite Analytics","Analytics","Analytics - Senior Manager","Australia","12/01/2026","30/11/2026","10.00","USD","66.27","USD","662.68","USD","2425.81","74.86","USD","194557.74","Myer Pty Ltd","AU MYPL - Myer Pty Ltd - Multisite Analytics Implementation"
"Shortlisted / Final Stages","Multisite Analytics","Analytics","Analytics - Manager","Australia","12/01/2026","30/11/2026","20.00","USD","44.43","USD","888.64","USD","3525.07","74.86","USD","194557.74","Myer Pty Ltd","AU MYPL - Myer Pty Ltd - Multisite Analytics Implementation"
"Shortlisted / Final Stages","Multisite Analytics","Analytics","Analytics - Senior Manager","Australia","12/01/2026","30/11/2026","5.00","USD","66.27","USD","331.34","USD","1212.91","74.86","USD","194557.74","Myer Pty Ltd","AU MYPL - Myer Pty Ltd - Multisite Analytics Implementation"
"Shortlisted / Final Stages","Multisite Analytics","Analytics","Analytics - Senior Manager","Australia","12/01/2026","30/11/2026","5.00","USD","66.27","USD","331.34","USD","1212.91","74.86","USD","194557.74","Myer Pty Ltd","AU MYPL - Myer Pty Ltd - Multisite Analytics Implementation"
"Shortlisted / Final Stages","Multisite Analytics","Analytics","Analytics - Executive","Australia","12/01/2026","30/11/2026","6.00","USD","8.72","USD","52.32","USD","811.59","74.86","USD","194557.74","Myer Pty Ltd","AU MYPL - Myer Pty Ltd - Multisite Analytics Implementation"
"Shortlisted / Final Stages","Multisite Analytics","Analytics","Analytics - Senior Manager","Australia","12/01/2026","30/11/2026","1.00","USD","66.27","USD","66.27","USD","242.58","74.86","USD","194557.74","Myer Pty Ltd","AU MYPL - Myer Pty Ltd - Multisite Analytics Implementation"
"Shortlisted / Final Stages","Multisite Analytics","Analytics","Analytics - Executive","Australia","12/01/2026","30/11/2026","10.00","USD","8.72","USD","87.20","USD","1352.64","74.86","USD","194557.74","Myer Pty Ltd","AU MYPL - Myer Pty Ltd - Multisite Analytics Implementation"
"Shortlisted / Final Stages","Multisite Analytics","Analytics","Analytics - Manager","Australia","12/01/2026","30/11/2026","5.00","USD","44.43","USD","222.16","USD","881.27","74.86","USD","194557.74","Myer Pty Ltd","AU MYPL - Myer Pty Ltd - Multisite Analytics Implementation"
"Shortlisted / Final Stages","Multisite Analytics","Analytics","Analytics - Senior Manager","Australia","12/01/2026","30/11/2026","5.00","USD","66.27","USD","331.34","USD","1212.91","74.86","USD","194557.74","Myer Pty Ltd","AU MYPL - Myer Pty Ltd - Multisite Analytics Implementation"
"Shortlisted / Final Stages","Multisite Analytics","Analytics","Analytics - Executive","Australia","12/01/2026","30/11/2026","26.00","USD","8.72","USD","226.71","USD","3516.87","74.86","USD","194557.74","Myer Pty Ltd","AU MYPL - Myer Pty Ltd - Multisite Analytics Implementation"
"Shortlisted / Final Stages","Multisite Analytics","Analytics","Analytics - Manager","Australia","12/01/2026","30/11/2026","5.00","USD","44.43","USD","222.16","USD","881.27","74.86","USD","194557.74","Myer Pty Ltd","AU MYPL - Myer Pty Ltd - Multisite Analytics Implementation"
"Shortlisted / Final Stages","Multisite Analytics","Cloud","Cloud - Senior Manager","Australia","12/01/2026","30/11/2026","4.00","USD","72.95","USD","291.81","USD","970.33","74.86","USD","194557.74","Myer Pty Ltd","AU MYPL - Myer Pty Ltd - Multisite Analytics Implementation"
"Shortlisted / Final Stages","Multisite Analytics","Cloud","Cloud - Senior Manager","Australia","12/01/2026","30/11/2026","5.00","USD","72.95","USD","364.77","USD","1212.91","74.86","USD","194557.74","Myer Pty Ltd","AU MYPL - Myer Pty Ltd - Multisite Analytics Implementation"
"Shortlisted / Final Stages","Multisite Analytics","Analytics","Analytics - Executive","Australia","12/01/2026","30/11/2026","3.00","USD","8.72","USD","26.16","USD","405.79","74.86","USD","194557.74","Myer Pty Ltd","AU MYPL - Myer Pty Ltd - Multisite Analytics Implementation"
"Shortlisted / Final Stages","Multisite Analytics","Cloud","Cloud - Senior Manager","Australia","12/01/2026","30/11/2026","65.00","USD","72.95","USD","4741.96","USD","15767.78","74.86","USD","194557.74","Myer Pty Ltd","AU MYPL - Myer Pty Ltd - Multisite Analytics Implementation"
"Shortlisted / Final Stages","Multisite Analytics","Analytics","Analytics - Manager","Australia","12/01/2026","30/11/2026","25.00","USD","44.43","USD","1110.81","USD","4406.33","74.86","USD","194557.74","Myer Pty Ltd","AU MYPL - Myer Pty Ltd - Multisite Analytics Implementation"
"Shortlisted / Final Stages","Multisite Analytics","Analytics","Analytics - Executive","Australia","12/01/2026","30/11/2026","100.00","USD","8.72","USD","871.95","USD","13526.42","74.86","USD","194557.74","Myer Pty Ltd","AU MYPL - Myer Pty Ltd - Multisite Analytics Implementation"
"Shortlisted / Final Stages","Multisite Analytics","Analytics","Analytics - Manager","Australia","12/01/2026","30/11/2026","100.00","USD","44.43","USD","4443.22","USD","17625.34","74.86","USD","194557.74","Myer Pty Ltd","AU MYPL - Myer Pty Ltd - Multisite Analytics Implementation"
"Shortlisted / Final Stages","Multisite Analytics","Analytics","Analytics - Senior Manager","Australia","12/01/2026","30/11/2026","25.00","USD","66.27","USD","1656.71","USD","6064.53","74.86","USD","194557.74","Myer Pty Ltd","AU MYPL - Myer Pty Ltd - Multisite Analytics Implementation"
"Shortlisted / Final Stages","Multisite Analytics","Analytics","Analytics - Manager","Australia","12/01/2026","30/11/2026","25.00","USD","44.43","USD","1110.81","USD","4406.33","74.86","USD","194557.74","Myer Pty Ltd","AU MYPL - Myer Pty Ltd - Multisite Analytics Implementation"
"Shortlisted / Final Stages","Multisite Analytics","Analytics","Analytics - Senior Manager","Australia","12/01/2026","30/11/2026","5.00","USD","66.27","USD","331.34","USD","1212.91","74.86","USD","194557.74","Myer Pty Ltd","AU MYPL - Myer Pty Ltd - Multisite Analytics Implementation"
"Shortlisted / Final Stages","Multisite Analytics","Analytics","Analytics - Executive","Australia","12/01/2026","30/11/2026","30.00","USD","8.72","USD","261.59","USD","4057.93","74.86","USD","194557.74","Myer Pty Ltd","AU MYPL - Myer Pty Ltd - Multisite Analytics Implementation"
"Shortlisted / Final Stages","Multisite Analytics","Analytics","Analytics - Manager","Australia","12/01/2026","30/11/2026","5.00","USD","44.43","USD","222.16","USD","881.27","74.86","USD","194557.74","Myer Pty Ltd","AU MYPL - Myer Pty Ltd - Multisite Analytics Implementation"
"Shortlisted / Final Stages","Multisite Analytics","Analytics","Analytics - Senior Manager","Australia","12/01/2026","30/11/2026","5.00","USD","66.27","USD","331.34","USD","1212.91","74.86","USD","194557.74","Myer Pty Ltd","AU MYPL - Myer Pty Ltd - Multisite Analytics Implementation"
"Shortlisted / Final Stages","Multisite Analytics","Analytics","Analytics - Executive","Australia","12/01/2026","30/11/2026","12.00","USD","8.72","USD","104.63","USD","1623.17","74.86","USD","194557.74","Myer Pty Ltd","AU MYPL - Myer Pty Ltd - Multisite Analytics Implementation"
"Shortlisted / Final Stages","Multisite Analytics","Analytics","Analytics - Manager","Australia","12/01/2026","30/11/2026","5.00","USD","44.43","USD","222.16","USD","881.27","74.86","USD","194557.74","Myer Pty Ltd","AU MYPL - Myer Pty Ltd - Multisite Analytics Implementation"
"Shortlisted / Final Stages","Multisite Analytics","Analytics","Analytics - Senior Manager","Australia","12/01/2026","30/11/2026","5.00","USD","66.27","USD","331.34","USD","1212.91","74.86","USD","194557.74","Myer Pty Ltd","AU MYPL - Myer Pty Ltd - Multisite Analytics Implementation"
"Shortlisted / Final Stages","Multisite Analytics","Analytics","Analytics - Senior Manager","Australia","12/01/2026","30/11/2026","3.00","USD","66.27","USD","198.80","USD","727.74","74.86","USD","194557.74","Myer Pty Ltd","AU MYPL - Myer Pty Ltd - Multisite Analytics Implementation"
"Shortlisted / Final Stages","Multisite Analytics","Analytics","Analytics - Senior Manager","Australia","12/01/2026","30/11/2026","20.00","USD","66.27","USD","1325.37","USD","4851.63","74.86","USD","194557.74","Myer Pty Ltd","AU MYPL - Myer Pty Ltd - Multisite Analytics Implementation"
"Shortlisted / Final Stages","Multisite Analytics","Project Management","Project Management - Senior Manager","Australia","12/01/2026","30/11/2026","8.00","USD","53.50","USD","428.02","USD","1533.74","74.86","USD","194557.74","Myer Pty Ltd","AU MYPL - Myer Pty Ltd - Multisite Analytics Implementation"
"Shortlisted / Final Stages","Multisite Analytics","Project Management","Project Management - Senior Manager","Australia","12/01/2026","30/11/2026","8.00","USD","53.50","USD","428.02","USD","1533.74","74.86","USD","194557.74","Myer Pty Ltd","AU MYPL - Myer Pty Ltd - Multisite Analytics Implementation"
"Shortlisted / Final Stages","Multisite Analytics","Project Management","Project Management - Senior Manager","Australia","12/01/2026","30/11/2026","3.50","USD","53.50","USD","187.26","USD","671.01","74.86","USD","194557.74","Myer Pty Ltd","AU MYPL - Myer Pty Ltd - Multisite Analytics Implementation"
"Shortlisted / Final Stages","Multisite Analytics","Project Management","Project Management - Senior Manager","Australia","12/01/2026","30/11/2026","15.00","USD","53.50","USD","802.53","USD","2875.76","74.86","USD","194557.74","Myer Pty Ltd","AU MYPL - Myer Pty Ltd - Multisite Analytics Implementation"
"Shortlisted / Final Stages","Multisite Analytics","Client Management","Client Management - Director","Australia","12/01/2026","30/11/2026","10.00","USD","67.04","USD","670.43","USD","2308.43","74.86","USD","194557.74","Myer Pty Ltd","AU MYPL - Myer Pty Ltd - Multisite Analytics Implementation"
"Shortlisted / Final Stages","Multisite Analytics","Analytics","Analytics - Executive","Australia","12/01/2026","30/11/2026","1.00","USD","8.72","USD","8.72","USD","135.26","74.86","USD","194557.74","Myer Pty Ltd","AU MYPL - Myer Pty Ltd - Multisite Analytics Implementation"
"Shortlisted / Final Stages","Multisite Analytics","Analytics","Analytics - Manager","Australia","12/01/2026","30/11/2026","1.00","USD","44.43","USD","44.43","USD","176.25","74.86","USD","194557.74","Myer Pty Ltd","AU MYPL - Myer Pty Ltd - Multisite Analytics Implementation"
"Shortlisted / Final Stages","Multisite Analytics","Analytics","Analytics - Senior Manager","Australia","12/01/2026","30/11/2026","1.00","USD","66.27","USD","66.27","USD","242.58","74.86","USD","194557.74","Myer Pty Ltd","AU MYPL - Myer Pty Ltd - Multisite Analytics Implementation"
"Shortlisted / Final Stages","Multisite Analytics","Cloud","Cloud - Senior Manager","Australia","12/01/2026","30/11/2026","1.00","USD","72.95","USD","72.95","USD","242.58","74.86","USD","194557.74","Myer Pty Ltd","AU MYPL - Myer Pty Ltd - Multisite Analytics Implementation"
"Shortlisted / Final Stages","Multisite Analytics","Cloud","Cloud - Senior Manager","Australia","12/01/2026","30/11/2026","1.00","USD","72.95","USD","72.95","USD","242.58","74.86","USD","194557.74","Myer Pty Ltd","AU MYPL - Myer Pty Ltd - Multisite Analytics Implementation"
"Shortlisted / Final Stages","Multisite Analytics","Project Management","Project Management - Senior Manager","Australia","12/01/2026","30/11/2026","1.00","USD","53.50","USD","53.50","USD","191.72","74.86","USD","194557.74","Myer Pty Ltd","AU MYPL - Myer Pty Ltd - Multisite Analytics Implementation"
"Shortlisted / Final Stages","Multisite Analytics","Client Management","Client Management - Director","Australia","12/01/2026","30/11/2026","1.00","USD","67.04","USD","67.04","USD","230.84","74.86","USD","194557.74","Myer Pty Ltd","AU MYPL - Myer Pty Ltd - Multisite Analytics Implementation"
"Shortlisted / Final Stages","Multisite Analytics","Client Management","Client Management - Director","Australia","12/01/2026","30/11/2026","5.00","USD","67.04","USD","335.22","USD","1154.22","74.86","USD","194557.74","Myer Pty Ltd","AU MYPL - Myer Pty Ltd - Multisite Analytics Implementation"
"Shortlisted / Final Stages","Multisite Analytics","Analytics","Analytics - Senior Manager","Australia","12/01/2026","30/11/2026","5.00","USD","66.27","USD","331.34","USD","1212.91","74.86","USD","194557.74","Myer Pty Ltd","AU MYPL - Myer Pty Ltd - Multisite Analytics Implementation"
"Shortlisted / Final Stages","Multisite Analytics","Client Management","Client Management - Director","Australia","12/01/2026","30/11/2026","1.00","USD","67.04","USD","67.04","USD","230.84","74.86","USD","194557.74","Myer Pty Ltd","AU MYPL - Myer Pty Ltd - Multisite Analytics Implementation"
"Shortlisted / Final Stages","Multisite Analytics","Analytics","Analytics - Executive","Australia","12/01/2026","30/11/2026","12.00","USD","8.72","USD","104.63","USD","1623.17","74.86","USD","194557.74","Myer Pty Ltd","AU MYPL - Myer Pty Ltd - Multisite Analytics Implementation"
"Shortlisted / Final Stages","Multisite Analytics","Analytics","Analytics - Senior Manager","Australia","12/01/2026","30/11/2026","2.00","USD","66.27","USD","132.54","USD","485.16","74.86","USD","194557.74","Myer Pty Ltd","AU MYPL - Myer Pty Ltd - Multisite Analytics Implementation"
"Shortlisted / Final Stages","Multisite Analytics","Analytics","Analytics - Executive","Australia","12/01/2026","30/11/2026","10.00","USD","8.72","USD","87.20","USD","1352.64","74.86","USD","194557.74","Myer Pty Ltd","AU MYPL - Myer Pty Ltd - Multisite Analytics Implementation"
"Shortlisted / Final Stages","Multisite Analytics","Analytics","Analytics - Manager","Australia","12/01/2026","30/11/2026","2.00","USD","44.43","USD","88.86","USD","352.51","74.86","USD","194557.74","Myer Pty Ltd","AU MYPL - Myer Pty Ltd - Multisite Analytics Implementation"
"Shortlisted / Final Stages","Multisite Analytics","Analytics","Analytics - Senior Manager","Australia","12/01/2026","30/11/2026","2.00","USD","66.27","USD","132.54","USD","485.16","74.86","USD","194557.74","Myer Pty Ltd","AU MYPL - Myer Pty Ltd - Multisite Analytics Implementation"
"Shortlisted / Final Stages","Multisite Analytics","Analytics","Analytics - Manager","Australia","12/01/2026","30/11/2026","20.00","USD","44.43","USD","888.64","USD","3525.07","74.86","USD","194557.74","Myer Pty Ltd","AU MYPL - Myer Pty Ltd - Multisite Analytics Implementation"
"Shortlisted / Final Stages","Multisite Analytics","Analytics","Analytics - Senior Manager","Australia","12/01/2026","30/11/2026","10.00","USD","66.27","USD","662.68","USD","2425.81","74.86","USD","194557.74","Myer Pty Ltd","AU MYPL - Myer Pty Ltd - Multisite Analytics Implementation"
"Shortlisted / Final Stages","Multisite Analytics","Cloud","Cloud - Senior Manager","Australia","12/01/2026","30/11/2026","20.00","USD","72.95","USD","1459.07","USD","4851.63","74.86","USD","194557.74","Myer Pty Ltd","AU MYPL - Myer Pty Ltd - Multisite Analytics Implementation"
"Shortlisted / Final Stages","Multisite Analytics","Cloud","Cloud - Senior Manager","Australia","12/01/2026","30/11/2026","10.00","USD","72.95","USD","729.53","USD","2425.81","74.86","USD","194557.74","Myer Pty Ltd","AU MYPL - Myer Pty Ltd - Multisite Analytics Implementation"
"Shortlisted / Final Stages","Multisite Analytics","Cloud","Cloud - Senior Manager","Australia","12/01/2026","30/11/2026","5.00","USD","72.95","USD","364.77","USD","1212.91","74.86","USD","194557.74","Myer Pty Ltd","AU MYPL - Myer Pty Ltd - Multisite Analytics Implementation"
"Shortlisted / Final Stages","Multisite Analytics","Analytics","Analytics - Senior Manager","Australia","12/01/2026","30/11/2026","20.00","USD","66.27","USD","1325.37","USD","4851.63","74.86","USD","194557.74","Myer Pty Ltd","AU MYPL - Myer Pty Ltd - Multisite Analytics Implementation"
"Shortlisted / Final Stages","Multisite Analytics","Analytics","Analytics - Manager","Australia","12/01/2026","30/11/2026","10.00","USD","44.43","USD","444.32","USD","1762.53","74.86","USD","194557.74","Myer Pty Ltd","AU MYPL - Myer Pty Ltd - Multisite Analytics Implementation"
"Shortlisted / Final Stages","Multisite Analytics","Analytics","Analytics - Director","Australia","12/01/2026","30/11/2026","5.00","USD","75.79","USD","378.93","USD","1330.28","74.86","USD","194557.74","Myer Pty Ltd","AU MYPL - Myer Pty Ltd - Multisite Analytics Implementation"
"Shortlisted / Final Stages","Multisite Analytics","Cloud","Cloud - Senior Director","Australia","12/01/2026","30/11/2026","5.00","USD","79.87","USD","399.35","USD","1662.86","74.86","USD","194557.74","Myer Pty Ltd","AU MYPL - Myer Pty Ltd - Multisite Analytics Implementation"
"Shortlisted / Final Stages","Multisite Analytics","Client Management","Client Management - Manager","Australia","12/01/2026","30/11/2026","1.00","USD","38.89","USD","38.89","USD","151.66","74.86","USD","194557.74","Myer Pty Ltd","AU MYPL - Myer Pty Ltd - Multisite Analytics Implementation"
"Shortlisted / Final Stages","Multisite Analytics","Client Management","Client Management - Senior Manager","Australia","12/01/2026","30/11/2026","2.00","USD","61.59","USD","123.18","USD","422.56","74.86","USD","194557.74","Myer Pty Ltd","AU MYPL - Myer Pty Ltd - Multisite Analytics Implementation"
"Shortlisted / Final Stages","Multisite Analytics","Cloud","Cloud - Senior Director","Australia","12/01/2026","30/11/2026","10.00","USD","79.87","USD","798.69","USD","3325.71","74.86","USD","194557.74","Myer Pty Ltd","AU MYPL - Myer Pty Ltd - Multisite Analytics Implementation"
"Shortlisted / Final Stages","Multisite Analytics","Cloud","Cloud - Senior Manager","Australia","12/01/2026","30/11/2026","1.00","USD","72.95","USD","72.95","USD","242.58","74.86","USD","194557.74","Myer Pty Ltd","AU MYPL - Myer Pty Ltd - Multisite Analytics Implementation"
"Shortlisted / Final Stages","Multisite Analytics","Cloud","Cloud - Senior Manager","Australia","12/01/2026","30/11/2026","15.00","USD","72.95","USD","1094.30","USD","3638.72","74.86","USD","194557.74","Myer Pty Ltd","AU MYPL - Myer Pty Ltd - Multisite Analytics Implementation"
"Shortlisted / Final Stages","Multisite Analytics","Analytics","Analytics - Manager","Australia","12/01/2026","30/11/2026","10.00","USD","44.43","USD","444.32","USD","1762.53","74.86","USD","194557.74","Myer Pty Ltd","AU MYPL - Myer Pty Ltd - Multisite Analytics Implementation"
"Shortlisted / Final Stages","Multisite Analytics","Cloud","Cloud - Senior Manager","Australia","12/01/2026","30/11/2026","2.00","USD","72.95","USD","145.91","USD","485.16","74.86","USD","194557.74","Myer Pty Ltd","AU MYPL - Myer Pty Ltd - Multisite Analytics Implementation"
"Shortlisted / Final Stages","Multisite Analytics","Cloud","Cloud - Senior Director","Australia","12/01/2026","30/11/2026","2.00","USD","79.87","USD","159.74","USD","665.14","74.86","USD","194557.74","Myer Pty Ltd","AU MYPL - Myer Pty Ltd - Multisite Analytics Implementation"
"Shortlisted / Final Stages","Multisite Analytics","Cloud","Cloud - Senior Manager","Australia","12/01/2026","30/11/2026","8.00","USD","72.95","USD","583.63","USD","1940.65","74.86","USD","194557.74","Myer Pty Ltd","AU MYPL - Myer Pty Ltd - Multisite Analytics Implementation"
"Shortlisted / Final Stages","Multisite Analytics","Analytics","Analytics - Senior Manager","Australia","12/01/2026","30/11/2026","1.00","USD","66.27","USD","66.27","USD","242.58","74.86","USD","194557.74","Myer Pty Ltd","AU MYPL - Myer Pty Ltd - Multisite Analytics Implementation"
"Shortlisted / Final Stages","Multisite Analytics","Analytics","Analytics - Manager","Australia","12/01/2026","30/11/2026","1.00","USD","44.43","USD","44.43","USD","176.25","74.86","USD","194557.74","Myer Pty Ltd","AU MYPL - Myer Pty Ltd - Multisite Analytics Implementation"
"Shortlisted / Final Stages","Multisite Analytics","Cloud","Cloud - Senior Manager","Australia","12/01/2026","30/11/2026","20.00","USD","72.95","USD","1459.07","USD","4851.63","74.86","USD","194557.74","Myer Pty Ltd","AU MYPL - Myer Pty Ltd - Multisite Analytics Implementation"
"Shortlisted / Final Stages","Multisite Analytics","Analytics","Analytics - Director","Australia","12/01/2026","30/11/2026","15.00","USD","75.79","USD","1136.78","USD","3990.85","74.86","USD","194557.74","Myer Pty Ltd","AU MYPL - Myer Pty Ltd - Multisite Analytics Implementation"
"Shortlisted / Final Stages","Multisite Analytics","Cloud","Cloud - Senior Manager","Australia","12/01/2026","30/11/2026","3.00","USD","72.95","USD","218.86","USD","727.74","74.86","USD","194557.74","Myer Pty Ltd","AU MYPL - Myer Pty Ltd - Multisite Analytics Implementation"
"Shortlisted / Final Stages","Multisite Analytics","Cloud","Cloud - Senior Manager","Australia","12/01/2026","30/11/2026","2.50","USD","72.95","USD","182.38","USD","606.45","74.86","USD","194557.74","Myer Pty Ltd","AU MYPL - Myer Pty Ltd - Multisite Analytics Implementation"
"Shortlisted / Final Stages","Multisite Analytics","Cloud","Cloud - Senior Manager","Australia","12/01/2026","30/11/2026","2.50","USD","72.95","USD","182.38","USD","606.45","74.86","USD","194557.74","Myer Pty Ltd","AU MYPL - Myer Pty Ltd - Multisite Analytics Implementation"
"Shortlisted / Final Stages","Multisite Analytics","Analytics","Analytics - Senior Manager","Australia","12/01/2026","30/11/2026","15.00","USD","66.27","USD","994.02","USD","3638.72","74.86","USD","194557.74","Myer Pty Ltd","AU MYPL - Myer Pty Ltd - Multisite Analytics Implementation"
"Shortlisted / Final Stages","Multisite Analytics","Cloud","Cloud - Senior Manager","Australia","12/01/2026","30/11/2026","2.00","USD","72.95","USD","145.91","USD","485.16","74.86","USD","194557.74","Myer Pty Ltd","AU MYPL - Myer Pty Ltd - Multisite Analytics Implementation"
"Shortlisted / Final Stages","Multisite Analytics","Cloud","Cloud - Senior Director","Australia","12/01/2026","30/11/2026","5.00","USD","79.87","USD","399.35","USD","1662.86","74.86","USD","194557.74","Myer Pty Ltd","AU MYPL - Myer Pty Ltd - Multisite Analytics Implementation"
"Shortlisted / Final Stages","Multisite Analytics","Cloud","Cloud - Senior Manager","Australia","12/01/2026","30/11/2026","1.00","USD","72.95","USD","72.95","USD","242.58","74.86","USD","194557.74","Myer Pty Ltd","AU MYPL - Myer Pty Ltd - Multisite Analytics Implementation"
"Shortlisted / Final Stages","Multisite Analytics","Cloud","Cloud - Senior Manager","Australia","12/01/2026","30/11/2026","7.00","USD","72.95","USD","510.67","USD","1698.07","74.86","USD","194557.74","Myer Pty Ltd","AU MYPL - Myer Pty Ltd - Multisite Analytics Implementation"
"Shortlisted / Final Stages","Multisite Analytics","Cloud","Cloud - Senior Manager","Australia","12/01/2026","30/11/2026","10.00","USD","72.95","USD","729.53","USD","2425.81","74.86","USD","194557.74","Myer Pty Ltd","AU MYPL - Myer Pty Ltd - Multisite Analytics Implementation"
"Shortlisted / Final Stages","Multisite Analytics","Cloud","Cloud - Senior Manager","Australia","12/01/2026","30/11/2026","4.00","USD","72.95","USD","291.81","USD","970.33","74.86","USD","194557.74","Myer Pty Ltd","AU MYPL - Myer Pty Ltd - Multisite Analytics Implementation"
"Shortlisted / Final Stages","Multisite Analytics","Cloud","Cloud - Senior Manager","Australia","12/01/2026","30/11/2026","20.00","USD","72.95","USD","1459.07","USD","4851.63","74.86","USD","194557.74","Myer Pty Ltd","AU MYPL - Myer Pty Ltd - Multisite Analytics Implementation"
"Shortlisted / Final Stages","Multisite Analytics","Cloud","Cloud - Senior Manager","Australia","12/01/2026","30/11/2026","10.00","USD","72.95","USD","729.53","USD","2425.81","74.86","USD","194557.74","Myer Pty Ltd","AU MYPL - Myer Pty Ltd - Multisite Analytics Implementation"
"Shortlisted / Final Stages","Multisite Analytics","Cloud","Cloud - Senior Manager","Australia","12/01/2026","30/11/2026","10.00","USD","72.95","USD","729.53","USD","2425.81","74.86","USD","194557.74","Myer Pty Ltd","AU MYPL - Myer Pty Ltd - Multisite Analytics Implementation"
"Shortlisted / Final Stages","Multisite Analytics","Cloud","Cloud - Senior Manager","Australia","12/01/2026","30/11/2026","10.00","USD","72.95","USD","729.53","USD","2425.81","74.86","USD","194557.74","Myer Pty Ltd","AU MYPL - Myer Pty Ltd - Multisite Analytics Implementation"
"Shortlisted / Final Stages","Multisite Analytics","Cloud","Cloud - Senior Director","Australia","12/01/2026","30/11/2026","5.00","USD","79.87","USD","399.35","USD","1662.86","74.86","USD","194557.74","Myer Pty Ltd","AU MYPL - Myer Pty Ltd - Multisite Analytics Implementation"
"Shortlisted / Final Stages","Multisite Analytics","Cloud","Cloud - Senior Manager","Australia","12/01/2026","30/11/2026","15.00","USD","72.95","USD","1094.30","USD","3638.72","74.86","USD","194557.74","Myer Pty Ltd","AU MYPL - Myer Pty Ltd - Multisite Analytics Implementation"
"Shortlisted / Final Stages","Multisite Analytics","Analytics","Analytics - Manager","Australia","12/01/2026","30/11/2026","1.00","USD","44.43","USD","44.43","USD","176.25","74.86","USD","194557.74","Myer Pty Ltd","AU MYPL - Myer Pty Ltd - Multisite Analytics Implementation"
"Shortlisted / Final Stages","Multisite Analytics","Analytics","Analytics - Senior Manager","Australia","12/01/2026","30/11/2026","1.00","USD","66.27","USD","66.27","USD","242.58","74.86","USD","194557.74","Myer Pty Ltd","AU MYPL - Myer Pty Ltd - Multisite Analytics Implementation"
"Shortlisted / Final Stages","Multisite Analytics","Cloud","Cloud - Senior Manager","Australia","12/01/2026","30/11/2026","5.00","USD","72.95","USD","364.77","USD","1212.91","74.86","USD","194557.74","Myer Pty Ltd","AU MYPL - Myer Pty Ltd - Multisite Analytics Implementation"
"Shortlisted / Final Stages","Multisite Analytics","Cloud","Cloud - Senior Manager","Australia","12/01/2026","30/11/2026","10.00","USD","72.95","USD","729.53","USD","2425.81","74.86","USD","194557.74","Myer Pty Ltd","AU MYPL - Myer Pty Ltd - Multisite Analytics Implementation"
"Shortlisted / Final Stages","Multisite Analytics","Cloud","Cloud - Senior Manager","Australia","12/01/2026","30/11/2026","10.00","USD","72.95","USD","729.53","USD","2425.81","74.86","USD","194557.74","Myer Pty Ltd","AU MYPL - Myer Pty Ltd - Multisite Analytics Implementation"
"Shortlisted / Final Stages","Multisite Analytics","Cloud","Cloud - Senior Manager","Australia","12/01/2026","30/11/2026","5.00","USD","72.95","USD","364.77","USD","1212.91","74.86","USD","194557.74","Myer Pty Ltd","AU MYPL - Myer Pty Ltd - Multisite Analytics Implementation"
"Shortlisted / Final Stages","Multisite Analytics","Cloud","Cloud - Senior Manager","Australia","12/01/2026","30/11/2026","5.00","USD","72.95","USD","364.77","USD","1212.91","74.86","USD","194557.74","Myer Pty Ltd","AU MYPL - Myer Pty Ltd - Multisite Analytics Implementation"
"Shortlisted / Final Stages","Multisite Analytics","Cloud","Cloud - Senior Manager","Australia","12/01/2026","30/11/2026","18.00","USD","72.95","USD","1313.16","USD","4366.46","74.86","USD","194557.74","Myer Pty Ltd","AU MYPL - Myer Pty Ltd - Multisite Analytics Implementation"
"Shortlisted / Final Stages","Multisite Analytics","Cloud","Cloud - Senior Manager","Australia","12/01/2026","30/11/2026","3.00","USD","72.95","USD","218.86","USD","727.74","74.86","USD","194557.74","Myer Pty Ltd","AU MYPL - Myer Pty Ltd - Multisite Analytics Implementation"
"Shortlisted / Final Stages","Multisite Analytics","Cloud","Cloud - Senior Manager","Australia","12/01/2026","30/11/2026","20.00","USD","72.95","USD","1459.07","USD","4851.63","74.86","USD","194557.74","Myer Pty Ltd","AU MYPL - Myer Pty Ltd - Multisite Analytics Implementation"
"Shortlisted / Final Stages","Multisite Analytics","Cloud","Cloud - Senior Director","Australia","12/01/2026","30/11/2026","1.00","USD","79.87","USD","79.87","USD","332.57","74.86","USD","194557.74","Myer Pty Ltd","AU MYPL - Myer Pty Ltd - Multisite Analytics Implementation"
"Shortlisted / Final Stages","Multisite Analytics","Analytics","Analytics - Manager","Australia","12/01/2026","30/11/2026","0.50","USD","44.43","USD","22.22","USD","88.13","74.86","USD","194557.74","Myer Pty Ltd","AU MYPL - Myer Pty Ltd - Multisite Analytics Implementation"
"Shortlisted / Final Stages","Multisite Analytics","Analytics","Analytics - Senior Manager","Australia","12/01/2026","30/11/2026","0.50","USD","66.27","USD","33.13","USD","121.29","74.86","USD","194557.74","Myer Pty Ltd","AU MYPL - Myer Pty Ltd - Multisite Analytics Implementation"
"Shortlisted / Final Stages","Multisite Analytics","Cloud","Cloud - Senior Manager","Australia","12/01/2026","30/11/2026","1.00","USD","72.95","USD","72.95","USD","242.58","74.86","USD","194557.74","Myer Pty Ltd","AU MYPL - Myer Pty Ltd - Multisite Analytics Implementation"
"Shortlisted / Final Stages","Multisite Analytics","Cloud","Cloud - Senior Manager","Australia","12/01/2026","30/11/2026","1.00","USD","72.95","USD","72.95","USD","242.58","74.86","USD","194557.74","Myer Pty Ltd","AU MYPL - Myer Pty Ltd - Multisite Analytics Implementation"
"Shortlisted / Final Stages","Multisite Analytics","Project Management","Project Management - Senior Manager","Australia","12/01/2026","30/11/2026","1.00","USD","53.50","USD","53.50","USD","191.72","74.86","USD","194557.74","Myer Pty Ltd","AU MYPL - Myer Pty Ltd - Multisite Analytics Implementation"
"Shortlisted / Final Stages","Multisite Analytics","Client Management","Client Management - Director","Australia","12/01/2026","30/11/2026","1.00","USD","67.04","USD","67.04","USD","230.84","74.86","USD","194557.74","Myer Pty Ltd","AU MYPL - Myer Pty Ltd - Multisite Analytics Implementation"
"Shortlisted / Final Stages","Multisite Analytics","Project Management","Project Management - Senior Manager","Australia","12/01/2026","30/11/2026","4.00","USD","53.50","USD","214.01","USD","766.87","74.86","USD","194557.74","Myer Pty Ltd","AU MYPL - Myer Pty Ltd - Multisite Analytics Implementation"
"Shortlisted / Final Stages","Multisite Analytics","Client Management","Client Management - Director","Australia","12/01/2026","30/11/2026","4.00","USD","67.04","USD","268.17","USD","923.37","74.86","USD","194557.74","Myer Pty Ltd","AU MYPL - Myer Pty Ltd - Multisite Analytics Implementation"
"Shortlisted / Final Stages","Multisite Analytics","Cloud","Cloud - Senior Manager","Australia","12/01/2026","30/11/2026","4.00","USD","72.95","USD","291.81","USD","970.33","74.86","USD","194557.74","Myer Pty Ltd","AU MYPL - Myer Pty Ltd - Multisite Analytics Implementation"
"Shortlisted / Final Stages","Multisite Analytics","Cloud","Cloud - Senior Manager","Australia","12/01/2026","30/11/2026","4.00","USD","72.95","USD","291.81","USD","970.33","74.86","USD","194557.74","Myer Pty Ltd","AU MYPL - Myer Pty Ltd - Multisite Analytics Implementation"
"Shortlisted / Final Stages","Multisite Analytics","Project Management","Project Management - Senior Manager","Australia","12/01/2026","30/11/2026","2.00","USD","53.50","USD","107.00","USD","383.43","74.86","USD","194557.74","Myer Pty Ltd","AU MYPL - Myer Pty Ltd - Multisite Analytics Implementation"
"Shortlisted / Final Stages","Multisite Analytics","Project Management","Project Management - Senior Manager","Australia","12/01/2026","30/11/2026","2.00","USD","53.50","USD","107.00","USD","383.43","74.86","USD","194557.74","Myer Pty Ltd","AU MYPL - Myer Pty Ltd - Multisite Analytics Implementation"
"Shortlisted / Final Stages","Multisite Analytics","Project Management","Project Management - Senior Manager","Australia","12/01/2026","30/11/2026","2.00","USD","53.50","USD","107.00","USD","383.43","74.86","USD","194557.74","Myer Pty Ltd","AU MYPL - Myer Pty Ltd - Multisite Analytics Implementation"
"Shortlisted / Final Stages","Multisite Analytics","Cloud","Cloud - Senior Director","Australia","12/01/2026","30/11/2026","4.00","USD","79.87","USD","319.48","USD","1330.28","74.86","USD","194557.74","Myer Pty Ltd","AU MYPL - Myer Pty Ltd - Multisite Analytics Implementation"
"Shortlisted / Final Stages","Multisite Analytics","Analytics","Analytics - Manager","Australia","12/01/2026","30/11/2026","1.00","USD","44.43","USD","44.43","USD","176.25","74.86","USD","194557.74","Myer Pty Ltd","AU MYPL - Myer Pty Ltd - Multisite Analytics Implementation"
"Shortlisted / Final Stages","Multisite Analytics","Analytics","Analytics - Senior Manager","Australia","12/01/2026","30/11/2026","1.00","USD","66.27","USD","66.27","USD","242.58","74.86","USD","194557.74","Myer Pty Ltd","AU MYPL - Myer Pty Ltd - Multisite Analytics Implementation"
"Shortlisted / Final Stages","Multisite Analytics","Cloud","Cloud - Senior Director","Australia","12/01/2026","30/11/2026","5.00","USD","79.87","USD","399.35","USD","1662.86","74.86","USD","194557.74","Myer Pty Ltd","AU MYPL - Myer Pty Ltd - Multisite Analytics Implementation"
"Shortlisted / Final Stages","Multisite Analytics","Cloud","Cloud - Senior Manager","Australia","12/01/2026","30/11/2026","5.00","USD","72.95","USD","364.77","USD","1212.91","74.86","USD","194557.74","Myer Pty Ltd","AU MYPL - Myer Pty Ltd - Multisite Analytics Implementation"
"Shortlisted / Final Stages","Multisite Analytics","Cloud","Cloud - Senior Manager","Australia","12/01/2026","30/11/2026","5.00","USD","72.95","USD","364.77","USD","1212.91","74.86","USD","194557.74","Myer Pty Ltd","AU MYPL - Myer Pty Ltd - Multisite Analytics Implementation"
"Shortlisted / Final Stages","Multisite Analytics","Cloud","Cloud - Senior Manager","Australia","12/01/2026","30/11/2026","10.00","USD","72.95","USD","729.53","USD","2425.81","74.86","USD","194557.74","Myer Pty Ltd","AU MYPL - Myer Pty Ltd - Multisite Analytics Implementation"
"Shortlisted / Final Stages","Multisite Analytics","Analytics","Analytics - Senior Manager","Australia","12/01/2026","30/11/2026","2.00","USD","66.27","USD","132.54","USD","485.16","74.86","USD","194557.74","Myer Pty Ltd","AU MYPL - Myer Pty Ltd - Multisite Analytics Implementation"
"Shortlisted / Final Stages","Multisite Analytics","Analytics","Analytics - Manager","Australia","12/01/2026","30/11/2026","2.00","USD","44.43","USD","88.86","USD","352.51","74.86","USD","194557.74","Myer Pty Ltd","AU MYPL - Myer Pty Ltd - Multisite Analytics Implementation"
"Shortlisted / Final Stages","Multisite Analytics","Cloud","Cloud - Senior Director","Australia","12/01/2026","30/11/2026","5.00","USD","79.87","USD","399.35","USD","1662.86","74.86","USD","194557.74","Myer Pty Ltd","AU MYPL - Myer Pty Ltd - Multisite Analytics Implementation"
"Shortlisted / Final Stages","Multisite Analytics","Analytics","Analytics - Executive","Australia","12/01/2026","30/11/2026","20.00","USD","8.72","USD","174.39","USD","2705.28","74.86","USD","194557.74","Myer Pty Ltd","AU MYPL - Myer Pty Ltd - Multisite Analytics Implementation"
"Contract Negotiation","Automated Reporting Solution","","Cloud - Senior Manager","Australia","21/07/2025","31/10/2025","30.00","USD","137.45","USD","4123.43","USD","6930.89","40.80","USD","24711.54","Myer Pty Ltd","Myer Pty Ltd - MART021 - Automated Reporting Solution"
"Contract Negotiation","Automated Reporting Solution","","Cloud - Senior Manager","Australia","21/07/2025","31/10/2025","10.00","USD","137.45","USD","1374.48","USD","2310.30","40.80","USD","24711.54","Myer Pty Ltd","Myer Pty Ltd - MART021 - Automated Reporting Solution"
"Contract Negotiation","Automated Reporting Solution","","Cloud - Senior Manager","Australia","21/07/2025","31/10/2025","1.00","USD","137.45","USD","137.45","USD","231.03","40.80","USD","24711.54","Myer Pty Ltd","Myer Pty Ltd - MART021 - Automated Reporting Solution"
"Contract Negotiation","Automated Reporting Solution","","Cloud - Manager","Australia","21/07/2025","31/10/2025","1.00","USD","92.40","USD","92.40","USD","160.23","40.80","USD","24711.54","Myer Pty Ltd","Myer Pty Ltd - MART021 - Automated Reporting Solution"
"Contract Negotiation","Automated Reporting Solution","","Cloud - Senior Manager","Australia","21/07/2025","31/10/2025","1.00","USD","137.45","USD","137.45","USD","231.03","40.80","USD","24711.54","Myer Pty Ltd","Myer Pty Ltd - MART021 - Automated Reporting Solution"
"Contract Negotiation","Automated Reporting Solution","","Cloud - Manager","Australia","21/07/2025","31/10/2025","1.00","USD","92.40","USD","92.40","USD","160.23","40.80","USD","24711.54","Myer Pty Ltd","Myer Pty Ltd - MART021 - Automated Reporting Solution"
"Contract Negotiation","Automated Reporting Solution","","Cloud - Manager","Australia","21/07/2025","31/10/2025","6.00","USD","92.40","USD","554.43","USD","961.38","40.80","USD","24711.54","Myer Pty Ltd","Myer Pty Ltd - MART021 - Automated Reporting Solution"
"Contract Negotiation","Automated Reporting Solution","","Cloud - Manager","Australia","21/07/2025","31/10/2025","4.00","USD","92.40","USD","369.62","USD","640.92","40.80","USD","24711.54","Myer Pty Ltd","Myer Pty Ltd - MART021 - Automated Reporting Solution"
"Contract Negotiation","Automated Reporting Solution","","Cloud - Senior Manager","Australia","21/07/2025","31/10/2025","2.00","USD","137.45","USD","274.90","USD","462.06","40.80","USD","24711.54","Myer Pty Ltd","Myer Pty Ltd - MART021 - Automated Reporting Solution"
"Contract Negotiation","Automated Reporting Solution","","Cloud - Senior Manager","Australia","21/07/2025","31/10/2025","2.00","USD","137.45","USD","274.90","USD","462.06","40.80","USD","24711.54","Myer Pty Ltd","Myer Pty Ltd - MART021 - Automated Reporting Solution"
"Contract Negotiation","Automated Reporting Solution","","Cloud - Manager","Australia","21/07/2025","31/10/2025","2.00","USD","92.40","USD","184.81","USD","320.46","40.80","USD","24711.54","Myer Pty Ltd","Myer Pty Ltd - MART021 - Automated Reporting Solution"
"Contract Negotiation","Automated Reporting Solution","","Cloud - Senior Manager","Australia","21/07/2025","31/10/2025","2.00","USD","137.45","USD","274.90","USD","462.06","40.80","USD","24711.54","Myer Pty Ltd","Myer Pty Ltd - MART021 - Automated Reporting Solution"
"Contract Negotiation","Automated Reporting Solution","","Cloud - Manager","Australia","21/07/2025","31/10/2025","6.00","USD","92.40","USD","554.43","USD","961.38","40.80","USD","24711.54","Myer Pty Ltd","Myer Pty Ltd - MART021 - Automated Reporting Solution"
"Contract Negotiation","Automated Reporting Solution","","Cloud - Senior Manager","Australia","21/07/2025","31/10/2025","2.00","USD","137.45","USD","274.90","USD","462.06","40.80","USD","24711.54","Myer Pty Ltd","Myer Pty Ltd - MART021 - Automated Reporting Solution"
"Contract Negotiation","Automated Reporting Solution","","Cloud - Senior Manager","Australia","21/07/2025","31/10/2025","2.00","USD","137.45","USD","274.90","USD","462.06","40.80","USD","24711.54","Myer Pty Ltd","Myer Pty Ltd - MART021 - Automated Reporting Solution"
"Contract Negotiation","Automated Reporting Solution","","Cloud - Manager","Australia","21/07/2025","31/10/2025","2.00","USD","92.40","USD","184.81","USD","320.46","40.80","USD","24711.54","Myer Pty Ltd","Myer Pty Ltd - MART021 - Automated Reporting Solution"
"Contract Negotiation","Automated Reporting Solution","","Cloud - Manager","Australia","21/07/2025","31/10/2025","3.00","USD","92.40","USD","277.21","USD","480.69","40.80","USD","24711.54","Myer Pty Ltd","Myer Pty Ltd - MART021 - Automated Reporting Solution"
"Contract Negotiation","Automated Reporting Solution","","Cloud - Manager","Australia","21/07/2025","31/10/2025","2.00","USD","92.40","USD","184.81","USD","320.46","40.80","USD","24711.54","Myer Pty Ltd","Myer Pty Ltd - MART021 - Automated Reporting Solution"
"Contract Negotiation","Automated Reporting Solution","","Client Management - Director","Australia","21/07/2025","31/10/2025","2.00","USD","157.09","USD","314.17","USD","439.70","40.80","USD","24711.54","Myer Pty Ltd","Myer Pty Ltd - MART021 - Automated Reporting Solution"
"Contract Negotiation","Automated Reporting Solution","","Cloud - Senior Manager","Australia","21/07/2025","31/10/2025","2.00","USD","137.45","USD","274.90","USD","462.06","40.80","USD","24711.54","Myer Pty Ltd","Myer Pty Ltd - MART021 - Automated Reporting Solution"
"Contract Negotiation","Automated Reporting Solution","","Cloud - Senior Manager","Australia","21/07/2025","31/10/2025","10.00","USD","137.45","USD","1374.48","USD","2310.30","40.80","USD","24711.54","Myer Pty Ltd","Myer Pty Ltd - MART021 - Automated Reporting Solution"
"Contract Negotiation","Automated Reporting Solution","","Cloud - Manager","Australia","21/07/2025","31/10/2025","5.00","USD","92.40","USD","462.02","USD","801.15","40.80","USD","24711.54","Myer Pty Ltd","Myer Pty Ltd - MART021 - Automated Reporting Solution"
"Contract Negotiation","Automated Reporting Solution","","Client Management - Director","Australia","21/07/2025","31/10/2025","1.00","USD","157.09","USD","157.09","USD","219.85","40.80","USD","24711.54","Myer Pty Ltd","Myer Pty Ltd - MART021 - Automated Reporting Solution"
"Contract Negotiation","Automated Reporting Solution","","Cloud - Senior Manager","Australia","21/07/2025","31/10/2025","5.00","USD","137.45","USD","687.24","USD","1155.15","40.80","USD","24711.54","Myer Pty Ltd","Myer Pty Ltd - MART021 - Automated Reporting Solution"
"Contract Negotiation","Automated Reporting Solution","","Cloud - Senior Manager","Australia","21/07/2025","31/10/2025","2.00","USD","137.45","USD","274.90","USD","462.06","40.80","USD","24711.54","Myer Pty Ltd","Myer Pty Ltd - MART021 - Automated Reporting Solution"
"Contract Negotiation","Automated Reporting Solution","","Cloud - Senior Manager","Australia","21/07/2025","31/10/2025","5.00","USD","137.45","USD","687.24","USD","1155.15","40.80","USD","24711.54","Myer Pty Ltd","Myer Pty Ltd - MART021 - Automated Reporting Solution"
"Contract Negotiation","Automated Reporting Solution","","Cloud - Senior Manager","Australia","21/07/2025","31/10/2025","5.00","USD","137.45","USD","687.24","USD","1155.15","40.80","USD","24711.54","Myer Pty Ltd","Myer Pty Ltd - MART021 - Automated Reporting Solution"
"Contract Negotiation","Automated Reporting Solution","","Cloud - Manager","Australia","21/07/2025","31/10/2025","5.00","USD","92.40","USD","462.02","USD","801.15","40.80","USD","24711.54","Myer Pty Ltd","Myer Pty Ltd - MART021 - Automated Reporting Solution"
"Contract Negotiation","Automated Reporting Solution","","Client Management - Director","Australia","21/07/2025","31/10/2025","5.00","USD","157.09","USD","785.43","USD","1099.25","40.80","USD","24711.54","Myer Pty Ltd","Myer Pty Ltd - MART021 - Automated Reporting Solution"
"Contract Negotiation","Automated Reporting Solution","","Project Management - Senior Manager","Australia","21/07/2025","31/10/2025","5.00","USD","98.96","USD","494.81","USD","912.94","40.80","USD","24711.54","Myer Pty Ltd","Myer Pty Ltd - MART021 - Automated Reporting Solution"
"Contract Negotiation","Automated Reporting Solution","","Client Management - Director","Australia","21/07/2025","31/10/2025","10.00","USD","157.09","USD","1570.85","USD","2198.51","40.80","USD","24711.54","Myer Pty Ltd","Myer Pty Ltd - MART021 - Automated Reporting Solution"
"Contract Negotiation","Automated Reporting Solution","","Project Management - Senior Manager","Australia","21/07/2025","31/10/2025","18.77","USD","98.96","USD","1857.53","USD","3427.18","40.80","USD","24711.54","Myer Pty Ltd","Myer Pty Ltd - MART021 - Automated Reporting Solution"
"Contract Negotiation","Automated Reporting Solution","","Cloud - Senior Manager","Australia","21/07/2025","31/10/2025","10.00","USD","137.45","USD","1374.48","USD","2310.30","40.80","USD","24711.54","Myer Pty Ltd","Myer Pty Ltd - MART021 - Automated Reporting Solution"
"Contract Negotiation","Automated Reporting Solution","","Cloud - Senior Manager","Australia","21/07/2025","31/10/2025","1.00","USD","137.45","USD","137.45","USD","231.03","40.80","USD","24711.54","Myer Pty Ltd","Myer Pty Ltd - MART021 - Automated Reporting Solution"
"Contract Negotiation","Automated Reporting Solution","","Cloud - Senior Manager","Australia","21/07/2025","31/10/2025","1.00","USD","137.45","USD","137.45","USD","231.03","40.80","USD","24711.54","Myer Pty Ltd","Myer Pty Ltd - MART021 - Automated Reporting Solution"
"Contract Negotiation","Automated Reporting Solution","","Cloud - Manager","Australia","21/07/2025","31/10/2025","1.00","USD","92.40","USD","92.40","USD","160.23","40.80","USD","24711.54","Myer Pty Ltd","Myer Pty Ltd - MART021 - Automated Reporting Solution"
"Contract Negotiation","Automated Reporting Solution","","Client Management - Director","Australia","21/07/2025","31/10/2025","1.00","USD","157.09","USD","157.09","USD","219.85","40.80","USD","24711.54","Myer Pty Ltd","Myer Pty Ltd - MART021 - Automated Reporting Solution"
"Contract Negotiation","Automated Reporting Solution","","Project Management - Senior Manager","Australia","21/07/2025","31/10/2025","1.00","USD","98.96","USD","98.96","USD","182.59","40.80","USD","24711.54","Myer Pty Ltd","Myer Pty Ltd - MART021 - Automated Reporting Solution"
"Contract Negotiation","Automated Reporting Solution","","Cloud - Senior Manager","Australia","21/07/2025","31/10/2025","1.00","USD","137.45","USD","137.45","USD","231.03","40.80","USD","24711.54","Myer Pty Ltd","Myer Pty Ltd - MART021 - Automated Reporting Solution"
"Contract Negotiation","Automated Reporting Solution","","Cloud - Manager","Australia","21/07/2025","31/10/2025","1.00","USD","92.40","USD","92.40","USD","160.23","40.80","USD","24711.54","Myer Pty Ltd","Myer Pty Ltd - MART021 - Automated Reporting Solution"
"Contract Negotiation","Automated Reporting Solution","","Cloud - Manager","Australia","21/07/2025","31/10/2025","15.00","USD","92.40","USD","1386.07","USD","2403.46","40.80","USD","24711.54","Myer Pty Ltd","Myer Pty Ltd - MART021 - Automated Reporting Solution"
"Contract Negotiation","Automated Reporting Solution","","Cloud - Manager","Australia","21/07/2025","31/10/2025","5.00","USD","92.40","USD","462.02","USD","801.15","40.80","USD","24711.54","Myer Pty Ltd","Myer Pty Ltd - MART021 - Automated Reporting Solution"
"Contract Negotiation","Automated Reporting Solution","","Cloud - Manager","Australia","21/07/2025","31/10/2025","10.00","USD","92.40","USD","924.04","USD","1602.30","40.80","USD","24711.54","Myer Pty Ltd","Myer Pty Ltd - MART021 - Automated Reporting Solution"
"Contract Negotiation","Automated Reporting Solution","","Cloud - Senior Manager","Australia","21/07/2025","31/10/2025","2.00","USD","137.45","USD","274.90","USD","462.06","40.80","USD","24711.54","Myer Pty Ltd","Myer Pty Ltd - MART021 - Automated Reporting Solution"
"Contract Negotiation","Automated Reporting Solution","","Cloud - Senior Manager","Australia","21/07/2025","31/10/2025","2.00","USD","137.45","USD","274.90","USD","462.06","40.80","USD","24711.54","Myer Pty Ltd","Myer Pty Ltd - MART021 - Automated Reporting Solution"
"Contract Negotiation","Automated Reporting Solution","","Cloud - Manager","Australia","21/07/2025","31/10/2025","12.00","USD","92.40","USD","1108.85","USD","1922.76","40.80","USD","24711.54","Myer Pty Ltd","Myer Pty Ltd - MART021 - Automated Reporting Solution"
"Contract Negotiation","Automated Reporting Solution","","Cloud - Senior Manager","Australia","21/07/2025","31/10/2025","2.00","USD","137.45","USD","274.90","USD","462.06","40.80","USD","24711.54","Myer Pty Ltd","Myer Pty Ltd - MART021 - Automated Reporting Solution"
"Contract Negotiation","Automated Reporting Solution","","Cloud - Senior Manager","Australia","21/07/2025","31/10/2025","2.00","USD","137.45","USD","274.90","USD","462.06","40.80","USD","24711.54","Myer Pty Ltd","Myer Pty Ltd - MART021 - Automated Reporting Solution"
"Contract Negotiation","Automated Reporting Solution","","Cloud - Manager","Australia","21/07/2025","31/10/2025","6.00","USD","92.40","USD","554.43","USD","961.38","40.80","USD","24711.54","Myer Pty Ltd","Myer Pty Ltd - MART021 - Automated Reporting Solution"
"Contract Negotiation","Automated Reporting Solution","","Cloud - Senior Manager","Australia","21/07/2025","31/10/2025","3.00","USD","137.45","USD","412.34","USD","693.09","40.80","USD","24711.54","Myer Pty Ltd","Myer Pty Ltd - MART021 - Automated Reporting Solution"
"Contract Negotiation","Automated Reporting Solution","","Cloud - Senior Manager","Australia","21/07/2025","31/10/2025","1.00","USD","137.45","USD","137.45","USD","231.03","40.80","USD","24711.54","Myer Pty Ltd","Myer Pty Ltd - MART021 - Automated Reporting Solution"
"Contract Negotiation","Automated Reporting Solution","","Cloud - Senior Manager","Australia","21/07/2025","31/10/2025","1.00","USD","137.45","USD","137.45","USD","231.03","40.80","USD","24711.54","Myer Pty Ltd","Myer Pty Ltd - MART021 - Automated Reporting Solution"
"Contract Negotiation","Automated Reporting Solution","","Cloud - Manager","Australia","21/07/2025","31/10/2025","1.00","USD","92.40","USD","92.40","USD","160.23","40.80","USD","24711.54","Myer Pty Ltd","Myer Pty Ltd - MART021 - Automated Reporting Solution"
"Contract Negotiation","Automated Reporting Solution","","Cloud - Manager","Australia","21/07/2025","31/10/2025","5.00","USD","92.40","USD","462.02","USD","801.15","40.80","USD","24711.54","Myer Pty Ltd","Myer Pty Ltd - MART021 - Automated Reporting Solution"
"Contract Negotiation","Automated Reporting Solution","","Cloud - Manager","Australia","21/07/2025","31/10/2025","10.00","USD","92.40","USD","924.04","USD","1602.30","40.80","USD","24711.54","Myer Pty Ltd","Myer Pty Ltd - MART021 - Automated Reporting Solution"
"Contract Negotiation","Automated Reporting Solution","","Cloud - Senior Manager","Australia","21/07/2025","31/10/2025","1.00","USD","137.45","USD","137.45","USD","231.03","40.80","USD","24711.54","Myer Pty Ltd","Myer Pty Ltd - MART021 - Automated Reporting Solution"
"Contract Negotiation","Automated Reporting Solution","","Cloud - Senior Manager","Australia","21/07/2025","31/10/2025","2.00","USD","137.45","USD","274.90","USD","462.06","40.80","USD","24711.54","Myer Pty Ltd","Myer Pty Ltd - MART021 - Automated Reporting Solution"
"Contract Negotiation","Automated Reporting Solution","","Cloud - Manager","Australia","21/07/2025","31/10/2025","5.00","USD","92.40","USD","462.02","USD","801.15","40.80","USD","24711.54","Myer Pty Ltd","Myer Pty Ltd - MART021 - Automated Reporting Solution"
"Contract Negotiation","Automated Reporting Solution","","Cloud - Senior Manager","Australia","21/07/2025","31/10/2025","1.00","USD","137.45","USD","137.45","USD","231.03","40.80","USD","24711.54","Myer Pty Ltd","Myer Pty Ltd - MART021 - Automated Reporting Solution"
"Contract Negotiation","Automated Reporting Solution","","Cloud - Senior Manager","Australia","21/07/2025","31/10/2025","1.00","USD","137.45","USD","137.45","USD","231.03","40.80","USD","24711.54","Myer Pty Ltd","Myer Pty Ltd - MART021 - Automated Reporting Solution"
"Contract Negotiation","Automated Reporting Solution","","Cloud - Manager","Australia","21/07/2025","31/10/2025","4.00","USD","92.40","USD","369.62","USD","640.92","40.80","USD","24711.54","Myer Pty Ltd","Myer Pty Ltd - MART021 - Automated Reporting Solution"
"Contract Negotiation","Automated Reporting Solution","","Client Management - Director","Australia","21/07/2025","31/10/2025","1.00","USD","157.09","USD","157.09","USD","219.85","40.80","USD","24711.54","Myer Pty Ltd","Myer Pty Ltd - MART021 - Automated Reporting Solution"
"Contract Negotiation","Automated Reporting Solution","","Cloud - Senior Manager","Australia","21/07/2025","31/10/2025","2.00","USD","137.45","USD","274.90","USD","462.06","40.80","USD","24711.54","Myer Pty Ltd","Myer Pty Ltd - MART021 - Automated Reporting Solution"
"Contract Negotiation","Automated Reporting Solution","","Cloud - Manager","Australia","21/07/2025","31/10/2025","6.00","USD","92.40","USD","554.43","USD","961.38","40.80","USD","24711.54","Myer Pty Ltd","Myer Pty Ltd - MART021 - Automated Reporting Solution"
"Contract Negotiation","Automated Reporting Solution","","Cloud - Manager","Australia","21/07/2025","31/10/2025","40.00","USD","92.40","USD","3696.18","USD","6409.21","40.80","USD","24711.54","Myer Pty Ltd","Myer Pty Ltd - MART021 - Automated Reporting Solution"
"Contract Negotiation","GA4 Activation & Support Jan 26 - Dec 26","Account Management","Account Management - Executive","United States","01/01/2026","31/12/2026","60.00","USD","79.27","USD","4756.20","USD","7800.00","31.95","USD","7649.28","National Heritage Academies","US NATS - National Heritage Academies - GA4 Tech Jan 26 - Dec 26"
"Contract Negotiation","GA4 Activation & Support Jan 26 - Dec 26","Project Management","Project Management - Senior Manager","South Africa","01/01/2026","31/12/2026","12.00","USD","48.31","USD","579.72","USD","1140.00","31.95","USD","7649.28","National Heritage Academies","US NATS - National Heritage Academies - GA4 Tech Jan 26 - Dec 26"
"Contract Negotiation","GA4 Activation & Support Jan 26 - Dec 26","Analytics","Analytics - Senior Manager","United States","01/01/2026","31/12/2026","60.00","USD","182.58","USD","10954.80","USD","15000.00","31.95","USD","7649.28","National Heritage Academies","US NATS - National Heritage Academies - GA4 Tech Jan 26 - Dec 26"
"Contract Negotiation","NatWest 2026 QC Agents","GenAI Transformation","GenAI Transformation - VP +","United Kingdom","26/01/2026","09/04/2027","34.00","USD","152.25","USD","5176.63","USD","11000.81","65.80","USD","211947.05","NatWest Group","UK NATW - NatWest Group - QC Agents"
"Contract Negotiation","NatWest 2026 QC Agents","JTS - Product","JTS - Product - Senior Manager","United Kingdom","26/01/2026","09/04/2027","192.00","USD","63.11","USD","12117.60","USD","29901.65","65.80","USD","211947.05","NatWest Group","UK NATW - NatWest Group - QC Agents"
"Contract Negotiation","NatWest 2026 QC Agents","JTS - Data Science","JTS - Data Science - Senior Manager","United Kingdom","26/01/2026","09/04/2027","262.50","USD","65.99","USD","17321.39","USD","36793.97","65.80","USD","211947.05","NatWest Group","UK NATW - NatWest Group - QC Agents"
"Contract Negotiation","NatWest 2026 QC Agents","JTS - Engineering","JTS - Engineering - Director","France","26/01/2026","09/04/2027","76.00","USD","90.93","USD","6910.59","USD","14736.28","65.80","USD","211947.05","NatWest Group","UK NATW - NatWest Group - QC Agents"
"Contract Negotiation","NatWest 2026 QC Agents","JTS - Engineering","JTS - Engineering - Senior Manager","United Kingdom","26/01/2026","09/04/2027","56.25","USD","63.11","USD","3550.08","USD","7555.90","65.80","USD","211947.05","NatWest Group","UK NATW - NatWest Group - QC Agents"
"Contract Negotiation","NatWest 2026 QC Agents","Project Management","Project Management - Senior Manager","United Kingdom","26/01/2026","09/04/2027","97.50","USD","56.11","USD","5471.09","USD","12148.23","65.80","USD","211947.05","NatWest Group","UK NATW - NatWest Group - QC Agents"
"Contract Negotiation","NatWest 2026 QC Agents","JTS - Product","JTS - Product - Senior Manager","United Kingdom","12/01/2026","15/01/2027","22.50","USD","63.11","USD","1420.03","USD","3504.10","65.80","USD","211947.05","NatWest Group","UK NATW - NatWest Group - QC Agents"
"Contract Negotiation","NatWest 2026 QC Agents","JTS - Data Science","JTS - Data Science - Senior Manager","United Kingdom","12/01/2026","15/01/2027","56.50","USD","65.99","USD","3728.22","USD","7919.46","65.80","USD","211947.05","NatWest Group","UK NATW - NatWest Group - QC Agents"
"Contract Negotiation","NatWest 2026 QC Agents","JTS - Engineering","JTS - Engineering - Director","United Kingdom","12/01/2026","15/01/2027","54.50","USD","83.12","USD","4529.97","USD","9676.23","65.80","USD","211947.05","NatWest Group","UK NATW - NatWest Group - QC Agents"
"Contract Negotiation","NatWest 2026 QC Agents","JTS - Customer Success Management","JTS - Customer Success Management - Senior Manager","United Kingdom","12/01/2026","15/01/2027","182.50","USD","60.91","USD","11116.53","USD","23662.03","65.80","USD","211947.05","NatWest Group","UK NATW - NatWest Group - QC Agents"
"Contract Negotiation","NatWest 2026 QC Agents","Client Management","Client Management - VP +","United Kingdom","12/01/2026","15/01/2027","120.00","USD","186.48","USD","22377.30","USD","47656.95","65.80","USD","211947.05","NatWest Group","UK NATW - NatWest Group - QC Agents"
"Contract Negotiation","NatWest 2026 QC Agents","Client Management","Client Management - Senior Manager","United Kingdom","12/01/2026","15/01/2027","120.00","USD","60.91","USD","7309.50","USD","15558.59","65.80","USD","211947.05","NatWest Group","UK NATW - NatWest Group - QC Agents"
"Contract Negotiation","NatWest 2026 QC Agents","Integrated Production","Integrated Production - Director","United Kingdom","12/01/2026","15/01/2027","120.00","USD","72.13","USD","8655.90","USD","18502.11","65.80","USD","211947.05","NatWest Group","UK NATW - NatWest Group - QC Agents"
"Contract Negotiation","NatWest 2026 QC Agents","JTS - Customer Success Management","JTS - Customer Success Management - Senior Manager","United Kingdom","26/01/2026","09/04/2027","7.50","USD","60.91","USD","456.84","USD","972.41","65.80","USD","211947.05","NatWest Group","UK NATW - NatWest Group - QC Agents"
"Contract Negotiation","NatWest 2026 QC Agents","","Flex Pool","United Kingdom","12/01/2026","09/04/2027","1.00","USD","0.00","USD","0.00","USD","82500.00","65.80","USD","211947.05","NatWest Group","UK NATW - NatWest Group - QC Agents"
"Prospect","UK NATWEST - Training Credits / Flex Pot","","GenAI Transformation - Director","United Kingdom","02/02/2026","31/12/2026","1.00","USD","75.41","USD","75.41","USD","41250.00","99.82","USD","41174.60","NatWest Group","UK NATW - NatWest Group - Training credits / flex pot"
"Contract Negotiation","Crap Happens 64k","","Direct Investment - Senior Manager","Germany","17/11/2025","27/02/2026","216.00","USD","94.97","USD","20513.60","USD","40417.03","49.90","USD","44760.11","Netflix DACH (New)","Netflix DACH (New) - CREX002 - SoMa DACH 2025 - Crap Happens & LIB Reactive Bucket"
"Contract Negotiation","Crap Happens 64k","","Creative Collective - Director","Germany","17/11/2025","27/02/2026","83.00","USD","135.67","USD","11260.20","USD","18837.14","49.90","USD","44760.11","Netflix DACH (New)","Netflix DACH (New) - CREX002 - SoMa DACH 2025 - Crap Happens & LIB Reactive Bucket"
"Contract Negotiation","Crap Happens 64k","","Integrated Production - Senior Manager","Germany","17/11/2025","27/02/2026","15.00","USD","94.97","USD","1424.56","USD","3060.25","49.90","USD","44760.11","Netflix DACH (New)","Netflix DACH (New) - CREX002 - SoMa DACH 2025 - Crap Happens & LIB Reactive Bucket"
"Contract Negotiation","Crap Happens 64k","","Creative Collective - Director","Germany","17/11/2025","27/02/2026","10.00","USD","135.67","USD","1356.65","USD","2269.53","49.90","USD","44760.11","Netflix DACH (New)","Netflix DACH (New) - CREX002 - SoMa DACH 2025 - Crap Happens & LIB Reactive Bucket"
"Contract Negotiation","Crap Happens 64k","","Direct Investment - Senior Manager","Germany","17/11/2025","27/02/2026","48.00","USD","94.97","USD","4558.58","USD","8981.56","49.90","USD","44760.11","Netflix DACH (New)","Netflix DACH (New) - CREX002 - SoMa DACH 2025 - Crap Happens & LIB Reactive Bucket"
"Contract Negotiation","Crap Happens 64k","","Integrated Production - Senior Manager","Germany","17/11/2025","27/02/2026","5.00","USD","94.97","USD","474.85","USD","1020.08","49.90","USD","44760.11","Netflix DACH (New)","Netflix DACH (New) - CREX002 - SoMa DACH 2025 - Crap Happens & LIB Reactive Bucket"
"Contract Negotiation","Crap Happens 64k","Client Management","Client Management - Director","Germany","17/11/2025","27/02/2026","5.00","USD","135.67","USD","678.33","USD","1086.48","49.90","USD","44760.11","Netflix DACH (New)","Netflix DACH (New) - CREX002 - SoMa DACH 2025 - Crap Happens & LIB Reactive Bucket"
"Contract Negotiation","Crap Happens 64k","Client Management","Client Management - Director","Germany","17/11/2025","27/02/2026","10.00","USD","135.67","USD","1356.65","USD","2172.96","49.90","USD","44760.11","Netflix DACH (New)","Netflix DACH (New) - CREX002 - SoMa DACH 2025 - Crap Happens & LIB Reactive Bucket"
"Contract Negotiation","Crap Happens 64k","","Social Creative - Senior Manager","Germany","17/11/2025","27/02/2026","25.00","USD","55.88","USD","1397.03","USD","4677.90","49.90","USD","44760.11","Netflix DACH (New)","Netflix DACH (New) - CREX002 - SoMa DACH 2025 - Crap Happens & LIB Reactive Bucket"
"Contract Negotiation","Crap Happens 64k","","Creative Ideation - Senior Manager","Germany","17/11/2025","27/02/2026","25.00","USD","51.58","USD","1289.59","USD","5100.42","49.90","USD","44760.11","Netflix DACH (New)","Netflix DACH (New) - CREX002 - SoMa DACH 2025 - Crap Happens & LIB Reactive Bucket"
"Contract Negotiation","Crap Happens 64k","","Integrated Production - Senior Manager","Germany","17/11/2025","27/02/2026","5.00","USD","56.76","USD","283.81","USD","1020.08","49.90","USD","44760.11","Netflix DACH (New)","Netflix DACH (New) - CREX002 - SoMa DACH 2025 - Crap Happens & LIB Reactive Bucket"
"Contract Negotiation","Crap Happens 64k","","Creative Ideation - Director","Germany","17/11/2025","27/02/2026","3.00","USD","63.73","USD","191.18","USD","680.86","49.90","USD","44760.11","Netflix DACH (New)","Netflix DACH (New) - CREX002 - SoMa DACH 2025 - Crap Happens & LIB Reactive Bucket"
"Contract Negotiation","Crap Happens 64k","Client Management","Client Management - Director","Germany","17/11/2025","27/02/2026","2.00","USD","73.07","USD","146.14","USD","366.99","49.90","USD","44760.11","Netflix DACH (New)","Netflix DACH (New) - CREX002 - SoMa DACH 2025 - Crap Happens & LIB Reactive Bucket"
"Contract Negotiation","People We Meet on Vacation - Extended Campaign","","Flex Pool","United States","25/07/2025","16/03/2026","400.00","USD","0.00","USD","0.00","USD","80000.00","26.67","USD","80000.00","Netflix US (New)","Netflix US (New) - People We Meet on Vacation - Extended Campaign"
"Scoping / Engagement","Bloomingdales Pencil Pilot Project","Creative Ideation","Creative Ideation - Senior Manager","United Kingdom","09/02/2026","30/04/2027","7.00","USD","58.68","USD","410.76","USD","1029.00","62.25","USD","16294.25","PENCIL AI LIMITED US","US PENM - PENCIL AI LIMITED US - Bloomingdales Pilot"
"Scoping / Engagement","Bloomingdales Pencil Pilot Project","Design & Production","Design & Production - Senior Manager","Mexico","09/02/2026","30/04/2027","50.00","USD","31.35","USD","1567.50","USD","4350.00","62.25","USD","16294.25","PENCIL AI LIMITED US","US PENM - PENCIL AI LIMITED US - Bloomingdales Pilot"
"Scoping / Engagement","Bloomingdales Pencil Pilot Project","Brand Strategy","Brand Strategy - Senior Manager","United Kingdom","09/02/2026","30/04/2027","12.00","USD","59.83","USD","717.96","USD","2052.00","62.25","USD","16294.25","PENCIL AI LIMITED US","US PENM - PENCIL AI LIMITED US - Bloomingdales Pilot"
"Scoping / Engagement","Bloomingdales Pencil Pilot Project","Design & Production","Design & Production - Senior Manager","Mexico","09/02/2026","30/04/2027","87.00","USD","31.35","USD","2727.45","USD","7569.00","62.25","USD","16294.25","PENCIL AI LIMITED US","US PENM - PENCIL AI LIMITED US - Bloomingdales Pilot"
"Scoping / Engagement","Bloomingdales Pencil Pilot Project","Design & Production","Design & Production - Director","United Kingdom","09/02/2026","30/04/2027","23.00","USD","75.09","USD","1727.07","USD","4324.00","62.25","USD","16294.25","PENCIL AI LIMITED US","US PENM - PENCIL AI LIMITED US - Bloomingdales Pilot"
"Scoping / Engagement","Bloomingdales Pencil Pilot Project","Integrated Production","Integrated Production - Senior Manager","United Kingdom","09/02/2026","30/04/2027","22.10","USD","58.68","USD","1296.83","USD","3248.70","62.25","USD","16294.25","PENCIL AI LIMITED US","US PENM - PENCIL AI LIMITED US - Bloomingdales Pilot"
"Scoping / Engagement","Bloomingdales Pencil Pilot Project","Client Management","Client Management - Senior Manager","United Kingdom","09/02/2026","30/04/2027","10.80","USD","59.83","USD","646.16","USD","1620.00","62.25","USD","16294.25","PENCIL AI LIMITED US","US PENM - PENCIL AI LIMITED US - Bloomingdales Pilot"
"Scoping / Engagement","Bloomingdales Pencil Pilot Project","JTS - Customer Success Management","JTS - Customer Success Management - Manager","United Kingdom","09/02/2026","30/04/2027","17.70","USD","44.47","USD","787.12","USD","1982.40","62.25","USD","16294.25","PENCIL AI LIMITED US","US PENM - PENCIL AI LIMITED US - Bloomingdales Pilot"
"Shortlisted / Final Stages","Tracking & measurement - 6 Brands V2","Analytics","Analytics - Director","South Africa","01/03/2026","30/04/2026","6.00","USD","60.11","USD","360.66","USD","901.93","58.40","USD","28039.65","Pepkor Proprietary Limited","SA PEPK - Pepkor Proprietary Limited - Pepkor Analytics & Paid Media Audits"
"Shortlisted / Final Stages","Tracking & measurement - 6 Brands V2","Analytics","Analytics - Senior Manager","South Africa","01/03/2026","30/04/2026","18.00","USD","37.57","USD","676.23","USD","1690.94","58.40","USD","28039.65","Pepkor Proprietary Limited","SA PEPK - Pepkor Proprietary Limited - Pepkor Analytics & Paid Media Audits"
"Shortlisted / Final Stages","Tracking & measurement - 6 Brands V2","Analytics","Analytics - Director","South Africa","01/03/2026","30/04/2026","6.00","USD","60.11","USD","360.66","USD","901.93","58.40","USD","28039.65","Pepkor Proprietary Limited","SA PEPK - Pepkor Proprietary Limited - Pepkor Analytics & Paid Media Audits"
"Shortlisted / Final Stages","Tracking & measurement - 6 Brands V2","Analytics","Analytics - Senior Manager","South Africa","01/03/2026","30/04/2026","30.00","USD","37.57","USD","1127.05","USD","2818.23","58.40","USD","28039.65","Pepkor Proprietary Limited","SA PEPK - Pepkor Proprietary Limited - Pepkor Analytics & Paid Media Audits"
"Shortlisted / Final Stages","Tracking & measurement - 6 Brands V2","Analytics","Analytics - Director","South Africa","01/03/2026","30/04/2026","24.00","USD","60.11","USD","1442.63","USD","3607.72","58.40","USD","28039.65","Pepkor Proprietary Limited","SA PEPK - Pepkor Proprietary Limited - Pepkor Analytics & Paid Media Audits"
"Shortlisted / Final Stages","Tracking & measurement - 6 Brands V2","Analytics","Analytics - Senior Manager","South Africa","01/03/2026","30/04/2026","24.00","USD","37.57","USD","901.64","USD","2254.59","58.40","USD","28039.65","Pepkor Proprietary Limited","SA PEPK - Pepkor Proprietary Limited - Pepkor Analytics & Paid Media Audits"
"Shortlisted / Final Stages","Tracking & measurement - 6 Brands V2","Paid Search","Paid Search - Director","South Africa","01/03/2026","30/04/2026","18.00","USD","43.09","USD","775.58","USD","1940.33","58.40","USD","28039.65","Pepkor Proprietary Limited","SA PEPK - Pepkor Proprietary Limited - Pepkor Analytics & Paid Media Audits"
"Shortlisted / Final Stages","Tracking & measurement - 6 Brands V2","Paid Social","Paid Social - Director","South Africa","01/03/2026","30/04/2026","18.00","USD","43.09","USD","775.58","USD","1940.33","58.40","USD","28039.65","Pepkor Proprietary Limited","SA PEPK - Pepkor Proprietary Limited - Pepkor Analytics & Paid Media Audits"
"Shortlisted / Final Stages","Tracking & measurement - 6 Brands V2","Analytics","Analytics - Director","South Africa","01/03/2026","30/04/2026","6.00","USD","60.11","USD","360.66","USD","901.93","58.40","USD","28039.65","Pepkor Proprietary Limited","SA PEPK - Pepkor Proprietary Limited - Pepkor Analytics & Paid Media Audits"
"Shortlisted / Final Stages","Tracking & measurement - 6 Brands V2","Analytics","Analytics - Senior Manager","South Africa","01/03/2026","30/04/2026","30.00","USD","37.57","USD","1127.05","USD","2818.23","58.40","USD","28039.65","Pepkor Proprietary Limited","SA PEPK - Pepkor Proprietary Limited - Pepkor Analytics & Paid Media Audits"
"Shortlisted / Final Stages","Tracking & measurement - 6 Brands V2","Analytics","Analytics - Director","South Africa","01/03/2026","30/04/2026","6.00","USD","60.11","USD","360.66","USD","901.93","58.40","USD","28039.65","Pepkor Proprietary Limited","SA PEPK - Pepkor Proprietary Limited - Pepkor Analytics & Paid Media Audits"
"Shortlisted / Final Stages","Tracking & measurement - 6 Brands V2","Analytics","Analytics - Senior Manager","South Africa","01/03/2026","30/04/2026","18.00","USD","37.57","USD","676.23","USD","1690.94","58.40","USD","28039.65","Pepkor Proprietary Limited","SA PEPK - Pepkor Proprietary Limited - Pepkor Analytics & Paid Media Audits"
"Shortlisted / Final Stages","Tracking & measurement - 6 Brands V2","Analytics","Analytics - Director","South Africa","01/03/2026","30/04/2026","6.00","USD","60.11","USD","360.66","USD","901.93","58.40","USD","28039.65","Pepkor Proprietary Limited","SA PEPK - Pepkor Proprietary Limited - Pepkor Analytics & Paid Media Audits"
"Shortlisted / Final Stages","Tracking & measurement - 6 Brands V2","Analytics","Analytics - Senior Manager","South Africa","01/03/2026","30/04/2026","24.00","USD","37.57","USD","901.64","USD","2254.59","58.40","USD","28039.65","Pepkor Proprietary Limited","SA PEPK - Pepkor Proprietary Limited - Pepkor Analytics & Paid Media Audits"
"Shortlisted / Final Stages","Tracking & measurement - 6 Brands V2","Analytics","Analytics - Director","South Africa","01/03/2026","30/04/2026","18.00","USD","60.11","USD","1081.97","USD","2705.79","58.40","USD","28039.65","Pepkor Proprietary Limited","SA PEPK - Pepkor Proprietary Limited - Pepkor Analytics & Paid Media Audits"
"Shortlisted / Final Stages","Tracking & measurement - 6 Brands V2","Analytics","Analytics - Senior Manager","South Africa","01/03/2026","30/04/2026","36.00","USD","37.57","USD","1352.46","USD","3381.88","58.40","USD","28039.65","Pepkor Proprietary Limited","SA PEPK - Pepkor Proprietary Limited - Pepkor Analytics & Paid Media Audits"
"Shortlisted / Final Stages","Tracking & measurement - 6 Brands V2","Analytics","Analytics - Director","South Africa","01/03/2026","30/04/2026","6.00","USD","60.11","USD","360.66","USD","901.93","58.40","USD","28039.65","Pepkor Proprietary Limited","SA PEPK - Pepkor Proprietary Limited - Pepkor Analytics & Paid Media Audits"
"Shortlisted / Final Stages","Tracking & measurement - 6 Brands V2","Analytics","Analytics - Senior Manager","South Africa","01/03/2026","30/04/2026","18.00","USD","37.57","USD","676.23","USD","1690.94","58.40","USD","28039.65","Pepkor Proprietary Limited","SA PEPK - Pepkor Proprietary Limited - Pepkor Analytics & Paid Media Audits"
"Shortlisted / Final Stages","Tracking & measurement - 6 Brands V2","Analytics","Analytics - Director","South Africa","01/03/2026","30/04/2026","6.00","USD","60.11","USD","360.66","USD","901.93","58.40","USD","28039.65","Pepkor Proprietary Limited","SA PEPK - Pepkor Proprietary Limited - Pepkor Analytics & Paid Media Audits"
"Shortlisted / Final Stages","Tracking & measurement - 6 Brands V2","Analytics","Analytics - Senior Manager","South Africa","01/03/2026","30/04/2026","12.00","USD","37.57","USD","450.82","USD","1127.29","58.40","USD","28039.65","Pepkor Proprietary Limited","SA PEPK - Pepkor Proprietary Limited - Pepkor Analytics & Paid Media Audits"
"Shortlisted / Final Stages","Tracking & measurement - 6 Brands V2","Client Management","Client Management - Manager","South Africa","01/03/2026","30/04/2026","20.00","USD","30.21","USD","604.11","USD","1510.43","58.40","USD","28039.65","Pepkor Proprietary Limited","SA PEPK - Pepkor Proprietary Limited - Pepkor Analytics & Paid Media Audits"
"Shortlisted / Final Stages","Tracking & measurement - 6 Brands V2","Project Management","Project Management - Senior Director","South Africa","01/03/2026","30/04/2026","23.00","USD","58.47","USD","1344.79","USD","3363.46","58.40","USD","28039.65","Pepkor Proprietary Limited","SA PEPK - Pepkor Proprietary Limited - Pepkor Analytics & Paid Media Audits"
"Shortlisted / Final Stages","Tracking & measurement - 6 Brands V2","Client Management","Client Management - Manager","South Africa","01/03/2026","31/05/2026","5.00","USD","30.21","USD","151.03","USD","377.61","58.40","USD","28039.65","Pepkor Proprietary Limited","SA PEPK - Pepkor Proprietary Limited - Pepkor Analytics & Paid Media Audits"
"Shortlisted / Final Stages","Tracking & measurement - 6 Brands V2","Project Management","Project Management - Senior Director","South Africa","01/03/2026","31/05/2026","5.00","USD","58.47","USD","292.35","USD","731.19","58.40","USD","28039.65","Pepkor Proprietary Limited","SA PEPK - Pepkor Proprietary Limited - Pepkor Analytics & Paid Media Audits"
"Shortlisted / Final Stages","Tracking & measurement - 6 Brands V2","Media Strategy","Media Strategy - Director","Netherlands","01/03/2026","31/05/2026","4.00","USD","128.69","USD","514.75","USD","965.36","58.40","USD","28039.65","Pepkor Proprietary Limited","SA PEPK - Pepkor Proprietary Limited - Pepkor Analytics & Paid Media Audits"
"Shortlisted / Final Stages","Tracking & measurement - 6 Brands V2","Media Strategy","Media Strategy - Director","Netherlands","01/03/2026","31/05/2026","8.00","USD","128.69","USD","1029.50","USD","1930.72","58.40","USD","28039.65","Pepkor Proprietary Limited","SA PEPK - Pepkor Proprietary Limited - Pepkor Analytics & Paid Media Audits"
"Shortlisted / Final Stages","Tracking & measurement - 6 Brands V2","Media Strategy","Media Strategy - Director","Netherlands","01/03/2026","31/05/2026","4.00","USD","128.69","USD","514.75","USD","965.36","58.40","USD","28039.65","Pepkor Proprietary Limited","SA PEPK - Pepkor Proprietary Limited - Pepkor Analytics & Paid Media Audits"
"Shortlisted / Final Stages","Tracking & measurement - 6 Brands V2","Media Strategy","Media Strategy - Director","Netherlands","01/03/2026","31/05/2026","8.00","USD","128.69","USD","1029.50","USD","1930.72","58.40","USD","28039.65","Pepkor Proprietary Limited","SA PEPK - Pepkor Proprietary Limited - Pepkor Analytics & Paid Media Audits"
"Contract Negotiation","PPPZ 0011 Pepperstone - Change Request 1","Analytics","Analytics - Manager","Australia","25/11/2025","01/04/2026","50.94","USD","44.43","USD","2263.38","USD","5694.51","60.13","USD","15684.96","Pepperstone Operations Pty Ltd","Pepperstone Operations Pty Ltd - GA360000 - GA360 25/26 - Change Request"
"Contract Negotiation","PPPZ 0011 Pepperstone - Change Request 1","Analytics","Analytics - Senior Manager","Australia","25/11/2025","01/04/2026","45.00","USD","66.27","USD","2982.07","USD","7478.66","60.13","USD","15684.96","Pepperstone Operations Pty Ltd","Pepperstone Operations Pty Ltd - GA360000 - GA360 25/26 - Change Request"
"Contract Negotiation","PPPZ 0011 Pepperstone - Change Request 1","Analytics","Analytics - Director","Australia","25/11/2025","01/04/2026","21.00","USD","75.79","USD","1591.49","USD","3990.85","60.13","USD","15684.96","Pepperstone Operations Pty Ltd","Pepperstone Operations Pty Ltd - GA360000 - GA360 25/26 - Change Request"
"Contract Negotiation","PPPZ 0011 Pepperstone - Change Request 1","Client Management","Client Management - Director","Australia","25/11/2025","01/04/2026","30.00","USD","67.04","USD","2011.30","USD","5030.49","60.13","USD","15684.96","Pepperstone Operations Pty Ltd","Pepperstone Operations Pty Ltd - GA360000 - GA360 25/26 - Change Request"
"Contract Negotiation","PPPZ 0011 Pepperstone - Change Request 1","Project Management","Project Management - Senior Manager","Australia","25/11/2025","01/04/2026","29.00","USD","53.50","USD","1551.56","USD","3890.24","60.13","USD","15684.96","Pepperstone Operations Pty Ltd","Pepperstone Operations Pty Ltd - GA360000 - GA360 25/26 - Change Request"
"Contract Negotiation","GA4 & Analytics Support","Analytics","Analytics - Executive","Spain","01/03/2026","28/02/2027","150.00","USD","26.64","USD","3996.43","USD","10140.47","29.20","USD","27387.20","Planeta Fabrik Ventures SL","ES GRUD - Planeta Fabrik Ventures SL - GA4 & Analytics Support '26"
"Contract Negotiation","GA4 & Analytics Support","Analytics","Analytics - Senior Manager","Spain","01/03/2026","28/02/2027","26.00","USD","52.65","USD","1368.79","USD","3452.59","29.20","USD","27387.20","Planeta Fabrik Ventures SL","ES GRUD - Planeta Fabrik Ventures SL - GA4 & Analytics Support '26"
"Contract Negotiation","GA4 & Analytics Support","Client Management","Client Management - Director","Spain","01/03/2026","28/02/2027","12.00","USD","55.22","USD","662.61","USD","1665.94","29.20","USD","27387.20","Planeta Fabrik Ventures SL","ES GRUD - Planeta Fabrik Ventures SL - GA4 & Analytics Support '26"
"Contract Negotiation","GA4 & Analytics Support","Project Management","Project Management - Senior Manager","Spain","01/03/2026","28/02/2027","6.00","USD","53.03","USD","318.19","USD","796.75","29.20","USD","27387.20","Planeta Fabrik Ventures SL","ES GRUD - Planeta Fabrik Ventures SL - GA4 & Analytics Support '26"
"Scoping / Engagement","LinkedIn CAPI","Cloud","Cloud - Senior Manager","United Kingdom","02/03/2026","31/03/2026","5.00","USD","61.22","USD","306.08","USD","770.00","60.73","USD","3127.23","Procell","UK DURPMP - Procell - LinkedIn CAPI implementation"
"Scoping / Engagement","LinkedIn CAPI","Cloud","Cloud - Senior Manager","United Kingdom","02/03/2026","31/03/2026","5.00","USD","61.22","USD","306.08","USD","770.00","60.73","USD","3127.23","Procell","UK DURPMP - Procell - LinkedIn CAPI implementation"
"Scoping / Engagement","LinkedIn CAPI","Cloud","Cloud - Senior Manager","United Kingdom","02/03/2026","31/03/2026","5.00","USD","61.22","USD","306.08","USD","770.00","60.73","USD","3127.23","Procell","UK DURPMP - Procell - LinkedIn CAPI implementation"
"Scoping / Engagement","LinkedIn CAPI","Analytics","Analytics - Executive","United Kingdom","02/03/2026","31/03/2026","6.00","USD","26.26","USD","157.58","USD","462.00","60.73","USD","3127.23","Procell","UK DURPMP - Procell - LinkedIn CAPI implementation"
"Scoping / Engagement","LinkedIn CAPI","Client Management","Client Management - Senior Director","United Kingdom","02/03/2026","31/03/2026","3.00","USD","97.63","USD","292.88","USD","734.25","60.73","USD","3127.23","Procell","UK DURPMP - Procell - LinkedIn CAPI implementation"
"Scoping / Engagement","LinkedIn CAPI","Project Management","Project Management - Senior Manager","United Kingdom","02/03/2026","31/03/2026","5.00","USD","56.11","USD","280.57","USD","708.13","60.73","USD","3127.23","Procell","UK DURPMP - Procell - LinkedIn CAPI implementation"
"Scoping / Engagement","LinkedIn CAPI","Analytics","Analytics - Director","United Kingdom","02/03/2026","31/03/2026","4.00","USD","93.23","USD","372.90","USD","935.00","60.73","USD","3127.23","Procell","UK DURPMP - Procell - LinkedIn CAPI implementation"
"Prospect","PMI CAPI Implementation v2","Cloud","Cloud - Senior Manager","United Kingdom","01/09/2025","31/10/2025","24.00","USD","120.04","USD","2880.96","USD","6720.00","37.45","USD","5622.29","Project Management Institute (PMI)","Project Management Institute (PMI) - MART002 - PMI CAPI Implementation"
"Prospect","PMI CAPI Implementation v2","Project Management","Project Management - Senior Manager","Mexico","01/09/2025","31/10/2025","3.00","USD","51.22","USD","153.66","USD","195.75","37.45","USD","5622.29","Project Management Institute (PMI)","Project Management Institute (PMI) - MART002 - PMI CAPI Implementation"
"Prospect","PMI CAPI Implementation v2","Client Management","Client Management - Senior Director","United States","01/09/2025","31/10/2025","4.00","USD","265.94","USD","1063.76","USD","1355.12","37.45","USD","5622.29","Project Management Institute (PMI)","Project Management Institute (PMI) - MART002 - PMI CAPI Implementation"
"Prospect","PMI CAPI Implementation v2","Analytics","Analytics - Senior Director","United States","01/09/2025","31/10/2025","14.00","USD","319.13","USD","4467.82","USD","5691.42","37.45","USD","5622.29","Project Management Institute (PMI)","Project Management Institute (PMI) - MART002 - PMI CAPI Implementation"
"Prospect","PMI CAPI Implementation v2","Paid Social","Paid Social - Director","United States","01/09/2025","31/10/2025","4.00","USD","206.49","USD","825.96","USD","1052.16","37.45","USD","5622.29","Project Management Institute (PMI)","Project Management Institute (PMI) - MART002 - PMI CAPI Implementation"
"Prospect","Resolution Life Services Australia - Analytics Support 2026/27","Analytics","Analytics - Director","Australia","01/03/2026","28/02/2027","3.00","USD","75.79","USD","227.36","USD","798.17","73.48","USD","21904.65","Resolution Life Services Australia","AU RESF - Resolution Life Services Australia - Analytics Support 2026/27"
"Prospect","Resolution Life Services Australia - Analytics Support 2026/27","Analytics","Analytics - Senior Manager","Australia","01/03/2026","28/02/2027","18.00","USD","66.27","USD","1192.83","USD","4366.46","73.48","USD","21904.65","Resolution Life Services Australia","AU RESF - Resolution Life Services Australia - Analytics Support 2026/27"
"Prospect","Resolution Life Services Australia - Analytics Support 2026/27","Analytics","Analytics - Manager","Australia","01/03/2026","28/02/2027","24.00","USD","44.43","USD","1066.37","USD","4230.08","73.48","USD","21904.65","Resolution Life Services Australia","AU RESF - Resolution Life Services Australia - Analytics Support 2026/27"
"Prospect","Resolution Life Services Australia - Analytics Support 2026/27","Analytics","Analytics - Director","Australia","01/03/2026","28/02/2027","3.00","USD","75.79","USD","227.36","USD","798.17","73.48","USD","21904.65","Resolution Life Services Australia","AU RESF - Resolution Life Services Australia - Analytics Support 2026/27"
"Prospect","Resolution Life Services Australia - Analytics Support 2026/27","Analytics","Analytics - Senior Manager","Australia","01/03/2026","28/02/2027","18.00","USD","66.27","USD","1192.83","USD","4366.46","73.48","USD","21904.65","Resolution Life Services Australia","AU RESF - Resolution Life Services Australia - Analytics Support 2026/27"
"Prospect","Resolution Life Services Australia - Analytics Support 2026/27","Analytics","Analytics - Manager","Australia","01/03/2026","28/02/2027","24.00","USD","44.43","USD","1066.37","USD","4230.08","73.48","USD","21904.65","Resolution Life Services Australia","AU RESF - Resolution Life Services Australia - Analytics Support 2026/27"
"Prospect","Resolution Life Services Australia - Analytics Support 2026/27","Analytics","Analytics - Senior Manager","Australia","01/03/2026","28/02/2027","12.00","USD","66.27","USD","795.22","USD","2910.98","73.48","USD","21904.65","Resolution Life Services Australia","AU RESF - Resolution Life Services Australia - Analytics Support 2026/27"
"Prospect","Resolution Life Services Australia - Analytics Support 2026/27","Analytics","Analytics - Manager","Australia","01/03/2026","28/02/2027","12.00","USD","44.43","USD","533.19","USD","2115.04","73.48","USD","21904.65","Resolution Life Services Australia","AU RESF - Resolution Life Services Australia - Analytics Support 2026/27"
"Prospect","Resolution Life Services Australia - Analytics Support 2026/27","Client Management","Client Management - Manager","Australia","01/03/2026","28/02/2027","20.00","USD","38.89","USD","777.90","USD","3033.20","73.48","USD","21904.65","Resolution Life Services Australia","AU RESF - Resolution Life Services Australia - Analytics Support 2026/27"
"Prospect","Resolution Life Services Australia - Analytics Support 2026/27","Project Management","Project Management - Senior Manager","Australia","01/03/2026","28/02/2027","15.45","USD","53.50","USD","826.61","USD","2962.04","73.48","USD","21904.65","Resolution Life Services Australia","AU RESF - Resolution Life Services Australia - Analytics Support 2026/27"
"Proposal / Presentation","Resolution Life - Cross Platform Tracking","Analytics","Analytics - Senior Manager","Australia","31/01/2026","03/03/2026","13.00","USD","66.27","USD","861.49","USD","3153.56","72.99","USD","45468.31","Resolution Life Services Australia","AU RESF - Resolution Life Services Australia - Cross Platform Tracking"
"Proposal / Presentation","Resolution Life - Cross Platform Tracking","Analytics","Analytics - Director","Australia","31/01/2026","03/03/2026","2.00","USD","75.79","USD","151.57","USD","532.11","72.99","USD","45468.31","Resolution Life Services Australia","AU RESF - Resolution Life Services Australia - Cross Platform Tracking"
"Proposal / Presentation","Resolution Life - Cross Platform Tracking","Analytics","Analytics - Manager","Australia","31/01/2026","03/03/2026","7.00","USD","44.43","USD","311.03","USD","1233.77","72.99","USD","45468.31","Resolution Life Services Australia","AU RESF - Resolution Life Services Australia - Cross Platform Tracking"
"Proposal / Presentation","Resolution Life - Cross Platform Tracking","Analytics","Analytics - Senior Manager","Australia","31/01/2026","03/03/2026","5.00","USD","66.27","USD","331.34","USD","1212.91","72.99","USD","45468.31","Resolution Life Services Australia","AU RESF - Resolution Life Services Australia - Cross Platform Tracking"
"Proposal / Presentation","Resolution Life - Cross Platform Tracking","Analytics","Analytics - Manager","Australia","31/01/2026","03/03/2026","13.00","USD","44.43","USD","577.62","USD","2291.29","72.99","USD","45468.31","Resolution Life Services Australia","AU RESF - Resolution Life Services Australia - Cross Platform Tracking"
"Proposal / Presentation","Resolution Life - Cross Platform Tracking","Analytics","Analytics - Senior Manager","Australia","31/01/2026","03/03/2026","5.00","USD","66.27","USD","331.34","USD","1212.91","72.99","USD","45468.31","Resolution Life Services Australia","AU RESF - Resolution Life Services Australia - Cross Platform Tracking"
"Proposal / Presentation","Resolution Life - Cross Platform Tracking","Analytics","Analytics - Executive","India","31/01/2026","03/03/2026","16.00","USD","8.72","USD","139.51","USD","441.19","72.99","USD","45468.31","Resolution Life Services Australia","AU RESF - Resolution Life Services Australia - Cross Platform Tracking"
"Proposal / Presentation","Resolution Life - Cross Platform Tracking","Analytics","Analytics - Manager","Australia","31/01/2026","03/03/2026","5.00","USD","44.43","USD","222.16","USD","881.27","72.99","USD","45468.31","Resolution Life Services Australia","AU RESF - Resolution Life Services Australia - Cross Platform Tracking"
"Proposal / Presentation","Resolution Life - Cross Platform Tracking","Analytics","Analytics - Senior Manager","Australia","31/01/2026","03/03/2026","2.00","USD","66.27","USD","132.54","USD","485.16","72.99","USD","45468.31","Resolution Life Services Australia","AU RESF - Resolution Life Services Australia - Cross Platform Tracking"
"Proposal / Presentation","Resolution Life - Cross Platform Tracking","Analytics","Analytics - Manager","Australia","31/01/2026","03/03/2026","8.00","USD","44.43","USD","355.46","USD","1410.03","72.99","USD","45468.31","Resolution Life Services Australia","AU RESF - Resolution Life Services Australia - Cross Platform Tracking"
"Proposal / Presentation","Resolution Life - Cross Platform Tracking","Analytics","Analytics - Senior Manager","Australia","31/01/2026","03/03/2026","2.00","USD","66.27","USD","132.54","USD","485.16","72.99","USD","45468.31","Resolution Life Services Australia","AU RESF - Resolution Life Services Australia - Cross Platform Tracking"
"Proposal / Presentation","Resolution Life - Cross Platform Tracking","Analytics","Analytics - Manager","Australia","31/01/2026","03/03/2026","8.00","USD","44.43","USD","355.46","USD","1410.03","72.99","USD","45468.31","Resolution Life Services Australia","AU RESF - Resolution Life Services Australia - Cross Platform Tracking"
"Proposal / Presentation","Resolution Life - Cross Platform Tracking","Analytics","Analytics - Senior Manager","Australia","31/01/2026","03/03/2026","2.00","USD","66.27","USD","132.54","USD","485.16","72.99","USD","45468.31","Resolution Life Services Australia","AU RESF - Resolution Life Services Australia - Cross Platform Tracking"
"Proposal / Presentation","Resolution Life - Cross Platform Tracking","Analytics","Analytics - Executive","India","31/01/2026","03/03/2026","20.00","USD","8.72","USD","174.39","USD","551.49","72.99","USD","45468.31","Resolution Life Services Australia","AU RESF - Resolution Life Services Australia - Cross Platform Tracking"
"Proposal / Presentation","Resolution Life - Cross Platform Tracking","Analytics","Analytics - Manager","Australia","31/01/2026","03/03/2026","6.00","USD","44.43","USD","266.59","USD","1057.52","72.99","USD","45468.31","Resolution Life Services Australia","AU RESF - Resolution Life Services Australia - Cross Platform Tracking"
"Proposal / Presentation","Resolution Life - Cross Platform Tracking","Analytics","Analytics - Senior Manager","Australia","31/01/2026","03/03/2026","2.00","USD","66.27","USD","132.54","USD","485.16","72.99","USD","45468.31","Resolution Life Services Australia","AU RESF - Resolution Life Services Australia - Cross Platform Tracking"
"Proposal / Presentation","Resolution Life - Cross Platform Tracking","Analytics","Analytics - Executive","India","31/01/2026","03/03/2026","5.00","USD","8.72","USD","43.60","USD","137.87","72.99","USD","45468.31","Resolution Life Services Australia","AU RESF - Resolution Life Services Australia - Cross Platform Tracking"
"Proposal / Presentation","Resolution Life - Cross Platform Tracking","Analytics","Analytics - Senior Manager","Australia","31/01/2026","03/03/2026","1.00","USD","66.27","USD","66.27","USD","242.58","72.99","USD","45468.31","Resolution Life Services Australia","AU RESF - Resolution Life Services Australia - Cross Platform Tracking"
"Proposal / Presentation","Resolution Life - Cross Platform Tracking","Analytics","Analytics - Executive","India","31/01/2026","03/03/2026","10.00","USD","8.72","USD","87.20","USD","275.75","72.99","USD","45468.31","Resolution Life Services Australia","AU RESF - Resolution Life Services Australia - Cross Platform Tracking"
"Proposal / Presentation","Resolution Life - Cross Platform Tracking","Analytics","Analytics - Manager","Australia","31/01/2026","03/03/2026","2.00","USD","44.43","USD","88.86","USD","352.51","72.99","USD","45468.31","Resolution Life Services Australia","AU RESF - Resolution Life Services Australia - Cross Platform Tracking"
"Proposal / Presentation","Resolution Life - Cross Platform Tracking","Analytics","Analytics - Senior Manager","Australia","31/01/2026","03/03/2026","2.00","USD","66.27","USD","132.54","USD","485.16","72.99","USD","45468.31","Resolution Life Services Australia","AU RESF - Resolution Life Services Australia - Cross Platform Tracking"
"Proposal / Presentation","Resolution Life - Cross Platform Tracking","Analytics","Analytics - Executive","India","31/01/2026","03/03/2026","15.00","USD","8.72","USD","130.79","USD","413.62","72.99","USD","45468.31","Resolution Life Services Australia","AU RESF - Resolution Life Services Australia - Cross Platform Tracking"
"Proposal / Presentation","Resolution Life - Cross Platform Tracking","Analytics","Analytics - Manager","Australia","31/01/2026","03/03/2026","60.00","USD","44.43","USD","2665.93","USD","10575.20","72.99","USD","45468.31","Resolution Life Services Australia","AU RESF - Resolution Life Services Australia - Cross Platform Tracking"
"Proposal / Presentation","Resolution Life - Cross Platform Tracking","Analytics","Analytics - Senior Manager","Australia","31/01/2026","03/03/2026","30.00","USD","66.27","USD","1988.05","USD","7277.44","72.99","USD","45468.31","Resolution Life Services Australia","AU RESF - Resolution Life Services Australia - Cross Platform Tracking"
"Proposal / Presentation","Resolution Life - Cross Platform Tracking","Analytics","Analytics - Manager","Australia","31/01/2026","03/03/2026","1.00","USD","44.43","USD","44.43","USD","176.25","72.99","USD","45468.31","Resolution Life Services Australia","AU RESF - Resolution Life Services Australia - Cross Platform Tracking"
"Proposal / Presentation","Resolution Life - Cross Platform Tracking","Client Management","Client Management - Senior Manager","Australia","31/01/2026","03/03/2026","30.00","USD","61.59","USD","1847.64","USD","6338.41","72.99","USD","45468.31","Resolution Life Services Australia","AU RESF - Resolution Life Services Australia - Cross Platform Tracking"
"Proposal / Presentation","Resolution Life - Cross Platform Tracking","Project Management","Project Management - Senior Manager","Australia","31/01/2026","03/03/2026","30.00","USD","53.50","USD","1605.06","USD","5751.52","72.99","USD","45468.31","Resolution Life Services Australia","AU RESF - Resolution Life Services Australia - Cross Platform Tracking"
"Proposal / Presentation","Resolution Life - Cross Platform Tracking","Analytics","Analytics - Executive","India","31/01/2026","03/03/2026","10.00","USD","8.72","USD","87.20","USD","275.75","72.99","USD","45468.31","Resolution Life Services Australia","AU RESF - Resolution Life Services Australia - Cross Platform Tracking"
"Proposal / Presentation","Resolution Life - Cross Platform Tracking","Analytics","Analytics - Senior Manager","Australia","31/01/2026","03/03/2026","23.00","USD","66.27","USD","1524.17","USD","5579.37","72.99","USD","45468.31","Resolution Life Services Australia","AU RESF - Resolution Life Services Australia - Cross Platform Tracking"
"Proposal / Presentation","Resolution Life - Cross Platform Tracking","Analytics","Analytics - Manager","Australia","31/01/2026","03/03/2026","23.00","USD","44.43","USD","1021.94","USD","4053.83","72.99","USD","45468.31","Resolution Life Services Australia","AU RESF - Resolution Life Services Australia - Cross Platform Tracking"
"Proposal / Presentation","Resolution Life - Cross Platform Tracking","Analytics","Analytics - Executive","India","31/01/2026","03/03/2026","23.00","USD","8.72","USD","200.55","USD","634.21","72.99","USD","45468.31","Resolution Life Services Australia","AU RESF - Resolution Life Services Australia - Cross Platform Tracking"
"Proposal / Presentation","Resolution Life - Cross Platform Tracking","Analytics","Analytics - Director","Australia","31/01/2026","03/03/2026","1.00","USD","75.79","USD","75.79","USD","266.06","72.99","USD","45468.31","Resolution Life Services Australia","AU RESF - Resolution Life Services Australia - Cross Platform Tracking"
"Proposal / Presentation","Resolution Life - Cross Platform Tracking","Analytics","Analytics - Director","Australia","31/01/2026","03/03/2026","8.00","USD","75.79","USD","606.28","USD","2128.46","72.99","USD","45468.31","Resolution Life Services Australia","AU RESF - Resolution Life Services Australia - Cross Platform Tracking"
"Contract Negotiation","RESF0004 - AA Life Platform","Analytics","Analytics - Manager","Australia","09/02/2026","30/04/2026","5.00","USD","44.43","USD","222.16","USD","881.27","73.54","USD","3077.33","Resolution Life Services Australia","AU RESF - Resolution Life Services Australia - NZAA Life Platform Tracking Phase 1 (Basic User Interactions)"
"Contract Negotiation","RESF0004 - AA Life Platform","Analytics","Analytics - Senior Manager","Australia","09/02/2026","30/04/2026","2.00","USD","66.27","USD","132.54","USD","485.16","73.54","USD","3077.33","Resolution Life Services Australia","AU RESF - Resolution Life Services Australia - NZAA Life Platform Tracking Phase 1 (Basic User Interactions)"
"Contract Negotiation","RESF0004 - AA Life Platform","Analytics","Analytics - Manager","Australia","09/02/2026","30/04/2026","5.00","USD","44.43","USD","222.16","USD","881.27","73.54","USD","3077.33","Resolution Life Services Australia","AU RESF - Resolution Life Services Australia - NZAA Life Platform Tracking Phase 1 (Basic User Interactions)"
"Contract Negotiation","RESF0004 - AA Life Platform","Analytics","Analytics - Senior Manager","Australia","09/02/2026","30/04/2026","3.00","USD","66.27","USD","198.80","USD","727.74","73.54","USD","3077.33","Resolution Life Services Australia","AU RESF - Resolution Life Services Australia - NZAA Life Platform Tracking Phase 1 (Basic User Interactions)"
"Contract Negotiation","RESF0004 - AA Life Platform","Client Management","Client Management - Senior Manager","Australia","09/02/2026","30/04/2026","2.00","USD","61.59","USD","123.18","USD","422.56","73.54","USD","3077.33","Resolution Life Services Australia","AU RESF - Resolution Life Services Australia - NZAA Life Platform Tracking Phase 1 (Basic User Interactions)"
"Contract Negotiation","RESF0004 - AA Life Platform","Project Management","Project Management - Senior Manager","Australia","09/02/2026","30/04/2026","1.00","USD","53.50","USD","53.50","USD","191.72","73.54","USD","3077.33","Resolution Life Services Australia","AU RESF - Resolution Life Services Australia - NZAA Life Platform Tracking Phase 1 (Basic User Interactions)"
"Contract Negotiation","RESF0004 - AA Life Platform","Analytics","Analytics - Manager","Australia","09/02/2026","30/04/2026","2.00","USD","44.43","USD","88.86","USD","352.51","73.54","USD","3077.33","Resolution Life Services Australia","AU RESF - Resolution Life Services Australia - NZAA Life Platform Tracking Phase 1 (Basic User Interactions)"
"Contract Negotiation","RESF0004 - AA Life Platform","Analytics","Analytics - Senior Manager","Australia","09/02/2026","30/04/2026","1.00","USD","66.27","USD","66.27","USD","242.58","73.54","USD","3077.33","Resolution Life Services Australia","AU RESF - Resolution Life Services Australia - NZAA Life Platform Tracking Phase 1 (Basic User Interactions)"
"Prospect","RESF0004 - AA Life Platform","Analytics","Analytics - Senior Manager","Australia","02/03/2026","31/03/2026","5.00","USD","66.27","USD","331.34","USD","1212.91","73.30","USD","27781.21","Resolution Life Services Australia","AU RESF - Resolution Life Services Australia - NZAA Life Platform Tracking Phase 2 & 3 (Ecomm events & Dashboard Build)"
"Prospect","RESF0004 - AA Life Platform","Analytics","Analytics - Senior Manager","Australia","02/03/2026","31/03/2026","4.00","USD","66.27","USD","265.07","USD","970.33","73.30","USD","27781.21","Resolution Life Services Australia","AU RESF - Resolution Life Services Australia - NZAA Life Platform Tracking Phase 2 & 3 (Ecomm events & Dashboard Build)"
"Prospect","RESF0004 - AA Life Platform","Analytics","Analytics - Senior Manager","Australia","02/03/2026","31/03/2026","3.00","USD","66.27","USD","198.80","USD","727.74","73.30","USD","27781.21","Resolution Life Services Australia","AU RESF - Resolution Life Services Australia - NZAA Life Platform Tracking Phase 2 & 3 (Ecomm events & Dashboard Build)"
"Prospect","RESF0004 - AA Life Platform","Analytics","Analytics - Senior Manager","Australia","02/03/2026","31/03/2026","2.00","USD","66.27","USD","132.54","USD","485.16","73.30","USD","27781.21","Resolution Life Services Australia","AU RESF - Resolution Life Services Australia - NZAA Life Platform Tracking Phase 2 & 3 (Ecomm events & Dashboard Build)"
"Prospect","RESF0004 - AA Life Platform","Analytics","Analytics - Senior Manager","Australia","02/03/2026","31/03/2026","6.00","USD","66.27","USD","397.61","USD","1455.49","73.30","USD","27781.21","Resolution Life Services Australia","AU RESF - Resolution Life Services Australia - NZAA Life Platform Tracking Phase 2 & 3 (Ecomm events & Dashboard Build)"
"Prospect","RESF0004 - AA Life Platform","Analytics","Analytics - Manager","Australia","02/03/2026","31/03/2026","10.00","USD","44.43","USD","444.32","USD","1762.53","73.30","USD","27781.21","Resolution Life Services Australia","AU RESF - Resolution Life Services Australia - NZAA Life Platform Tracking Phase 2 & 3 (Ecomm events & Dashboard Build)"
"Prospect","RESF0004 - AA Life Platform","Analytics","Analytics - Senior Manager","Australia","02/03/2026","31/03/2026","2.00","USD","66.27","USD","132.54","USD","485.16","73.30","USD","27781.21","Resolution Life Services Australia","AU RESF - Resolution Life Services Australia - NZAA Life Platform Tracking Phase 2 & 3 (Ecomm events & Dashboard Build)"
"Prospect","RESF0004 - AA Life Platform","Analytics","Analytics - Manager","Australia","02/03/2026","31/03/2026","10.00","USD","44.43","USD","444.32","USD","1762.53","73.30","USD","27781.21","Resolution Life Services Australia","AU RESF - Resolution Life Services Australia - NZAA Life Platform Tracking Phase 2 & 3 (Ecomm events & Dashboard Build)"
"Prospect","RESF0004 - AA Life Platform","Analytics","Analytics - Senior Manager","Australia","02/03/2026","31/03/2026","2.00","USD","66.27","USD","132.54","USD","485.16","73.30","USD","27781.21","Resolution Life Services Australia","AU RESF - Resolution Life Services Australia - NZAA Life Platform Tracking Phase 2 & 3 (Ecomm events & Dashboard Build)"
"Prospect","RESF0004 - AA Life Platform","Analytics","Analytics - Manager","Australia","02/03/2026","31/03/2026","10.00","USD","44.43","USD","444.32","USD","1762.53","73.30","USD","27781.21","Resolution Life Services Australia","AU RESF - Resolution Life Services Australia - NZAA Life Platform Tracking Phase 2 & 3 (Ecomm events & Dashboard Build)"
"Prospect","RESF0004 - AA Life Platform","Analytics","Analytics - Senior Manager","Australia","02/03/2026","31/03/2026","2.00","USD","66.27","USD","132.54","USD","485.16","73.30","USD","27781.21","Resolution Life Services Australia","AU RESF - Resolution Life Services Australia - NZAA Life Platform Tracking Phase 2 & 3 (Ecomm events & Dashboard Build)"
"Prospect","RESF0004 - AA Life Platform","Analytics","Analytics - Manager","Australia","02/03/2026","31/03/2026","10.00","USD","44.43","USD","444.32","USD","1762.53","73.30","USD","27781.21","Resolution Life Services Australia","AU RESF - Resolution Life Services Australia - NZAA Life Platform Tracking Phase 2 & 3 (Ecomm events & Dashboard Build)"
"Prospect","RESF0004 - AA Life Platform","Analytics","Analytics - Senior Manager","Australia","02/03/2026","31/03/2026","1.00","USD","66.27","USD","66.27","USD","242.58","73.30","USD","27781.21","Resolution Life Services Australia","AU RESF - Resolution Life Services Australia - NZAA Life Platform Tracking Phase 2 & 3 (Ecomm events & Dashboard Build)"
"Prospect","RESF0004 - AA Life Platform","Analytics","Analytics - Manager","Australia","02/03/2026","31/03/2026","2.00","USD","44.43","USD","88.86","USD","352.51","73.30","USD","27781.21","Resolution Life Services Australia","AU RESF - Resolution Life Services Australia - NZAA Life Platform Tracking Phase 2 & 3 (Ecomm events & Dashboard Build)"
"Prospect","RESF0004 - AA Life Platform","Analytics","Analytics - Manager","Australia","02/03/2026","31/03/2026","10.00","USD","44.43","USD","444.32","USD","1762.53","73.30","USD","27781.21","Resolution Life Services Australia","AU RESF - Resolution Life Services Australia - NZAA Life Platform Tracking Phase 2 & 3 (Ecomm events & Dashboard Build)"
"Prospect","RESF0004 - AA Life Platform","Analytics","Analytics - Senior Manager","Australia","02/03/2026","31/03/2026","2.00","USD","66.27","USD","132.54","USD","485.16","73.30","USD","27781.21","Resolution Life Services Australia","AU RESF - Resolution Life Services Australia - NZAA Life Platform Tracking Phase 2 & 3 (Ecomm events & Dashboard Build)"
"Prospect","RESF0004 - AA Life Platform","Analytics","Analytics - Manager","Australia","02/03/2026","31/03/2026","5.00","USD","44.43","USD","222.16","USD","881.27","73.30","USD","27781.21","Resolution Life Services Australia","AU RESF - Resolution Life Services Australia - NZAA Life Platform Tracking Phase 2 & 3 (Ecomm events & Dashboard Build)"
"Prospect","RESF0004 - AA Life Platform","Analytics","Analytics - Senior Manager","Australia","02/03/2026","31/03/2026","1.00","USD","66.27","USD","66.27","USD","242.58","73.30","USD","27781.21","Resolution Life Services Australia","AU RESF - Resolution Life Services Australia - NZAA Life Platform Tracking Phase 2 & 3 (Ecomm events & Dashboard Build)"
"Prospect","RESF0004 - AA Life Platform","Analytics","Analytics - Manager","Australia","02/03/2026","31/03/2026","5.00","USD","44.43","USD","222.16","USD","881.27","73.30","USD","27781.21","Resolution Life Services Australia","AU RESF - Resolution Life Services Australia - NZAA Life Platform Tracking Phase 2 & 3 (Ecomm events & Dashboard Build)"
"Prospect","RESF0004 - AA Life Platform","Analytics","Analytics - Senior Manager","Australia","02/03/2026","31/03/2026","1.00","USD","66.27","USD","66.27","USD","242.58","73.30","USD","27781.21","Resolution Life Services Australia","AU RESF - Resolution Life Services Australia - NZAA Life Platform Tracking Phase 2 & 3 (Ecomm events & Dashboard Build)"
"Prospect","RESF0004 - AA Life Platform","Analytics","Analytics - Manager","Australia","02/03/2026","31/03/2026","5.00","USD","44.43","USD","222.16","USD","881.27","73.30","USD","27781.21","Resolution Life Services Australia","AU RESF - Resolution Life Services Australia - NZAA Life Platform Tracking Phase 2 & 3 (Ecomm events & Dashboard Build)"
"Prospect","RESF0004 - AA Life Platform","Analytics","Analytics - Manager","Australia","02/03/2026","31/03/2026","10.00","USD","44.43","USD","444.32","USD","1762.53","73.30","USD","27781.21","Resolution Life Services Australia","AU RESF - Resolution Life Services Australia - NZAA Life Platform Tracking Phase 2 & 3 (Ecomm events & Dashboard Build)"
"Prospect","RESF0004 - AA Life Platform","Analytics","Analytics - Senior Manager","Australia","02/03/2026","31/03/2026","5.00","USD","66.27","USD","331.34","USD","1212.91","73.30","USD","27781.21","Resolution Life Services Australia","AU RESF - Resolution Life Services Australia - NZAA Life Platform Tracking Phase 2 & 3 (Ecomm events & Dashboard Build)"
"Prospect","RESF0004 - AA Life Platform","Analytics","Analytics - Senior Manager","Australia","02/03/2026","31/03/2026","2.00","USD","66.27","USD","132.54","USD","485.16","73.30","USD","27781.21","Resolution Life Services Australia","AU RESF - Resolution Life Services Australia - NZAA Life Platform Tracking Phase 2 & 3 (Ecomm events & Dashboard Build)"
"Prospect","RESF0004 - AA Life Platform","Analytics","Analytics - Director","Australia","02/03/2026","31/03/2026","1.00","USD","75.79","USD","75.79","USD","266.06","73.30","USD","27781.21","Resolution Life Services Australia","AU RESF - Resolution Life Services Australia - NZAA Life Platform Tracking Phase 2 & 3 (Ecomm events & Dashboard Build)"
"Prospect","RESF0004 - AA Life Platform","Client Management","Client Management - Senior Manager","Australia","02/03/2026","31/03/2026","2.00","USD","61.59","USD","123.18","USD","422.56","73.30","USD","27781.21","Resolution Life Services Australia","AU RESF - Resolution Life Services Australia - NZAA Life Platform Tracking Phase 2 & 3 (Ecomm events & Dashboard Build)"
"Prospect","RESF0004 - AA Life Platform","Analytics","Analytics - Manager","Australia","02/03/2026","31/03/2026","3.00","USD","44.43","USD","133.30","USD","528.76","73.30","USD","27781.21","Resolution Life Services Australia","AU RESF - Resolution Life Services Australia - NZAA Life Platform Tracking Phase 2 & 3 (Ecomm events & Dashboard Build)"
"Prospect","RESF0004 - AA Life Platform","Analytics","Analytics - Senior Manager","Australia","02/03/2026","31/03/2026","3.00","USD","66.27","USD","198.80","USD","727.74","73.30","USD","27781.21","Resolution Life Services Australia","AU RESF - Resolution Life Services Australia - NZAA Life Platform Tracking Phase 2 & 3 (Ecomm events & Dashboard Build)"
"Prospect","RESF0004 - AA Life Platform","Analytics","Analytics - Director","Australia","02/03/2026","31/03/2026","1.00","USD","75.79","USD","75.79","USD","266.06","73.30","USD","27781.21","Resolution Life Services Australia","AU RESF - Resolution Life Services Australia - NZAA Life Platform Tracking Phase 2 & 3 (Ecomm events & Dashboard Build)"
"Prospect","RESF0004 - AA Life Platform","Analytics","Analytics - Senior Manager","Australia","02/03/2026","31/03/2026","5.00","USD","66.27","USD","331.34","USD","1212.91","73.30","USD","27781.21","Resolution Life Services Australia","AU RESF - Resolution Life Services Australia - NZAA Life Platform Tracking Phase 2 & 3 (Ecomm events & Dashboard Build)"
"Prospect","RESF0004 - AA Life Platform","Analytics","Analytics - Director","Australia","02/03/2026","31/03/2026","1.00","USD","75.79","USD","75.79","USD","266.06","73.30","USD","27781.21","Resolution Life Services Australia","AU RESF - Resolution Life Services Australia - NZAA Life Platform Tracking Phase 2 & 3 (Ecomm events & Dashboard Build)"
"Prospect","RESF0004 - AA Life Platform","Client Management","Client Management - Senior Manager","Australia","02/03/2026","31/03/2026","5.00","USD","61.59","USD","307.94","USD","1056.40","73.30","USD","27781.21","Resolution Life Services Australia","AU RESF - Resolution Life Services Australia - NZAA Life Platform Tracking Phase 2 & 3 (Ecomm events & Dashboard Build)"
"Prospect","RESF0004 - AA Life Platform","Client Management","Client Management - Senior Manager","Australia","02/03/2026","31/03/2026","7.00","USD","61.59","USD","431.12","USD","1478.96","73.30","USD","27781.21","Resolution Life Services Australia","AU RESF - Resolution Life Services Australia - NZAA Life Platform Tracking Phase 2 & 3 (Ecomm events & Dashboard Build)"
"Prospect","RESF0004 - AA Life Platform","Project Management","Project Management - Senior Manager","Australia","02/03/2026","31/03/2026","5.00","USD","53.50","USD","267.51","USD","958.59","73.30","USD","27781.21","Resolution Life Services Australia","AU RESF - Resolution Life Services Australia - NZAA Life Platform Tracking Phase 2 & 3 (Ecomm events & Dashboard Build)"
"Prospect","RESF0004 - AA Life Platform","Analytics","Analytics - Director","Australia","02/03/2026","31/03/2026","1.00","USD","75.79","USD","75.79","USD","266.06","73.30","USD","27781.21","Resolution Life Services Australia","AU RESF - Resolution Life Services Australia - NZAA Life Platform Tracking Phase 2 & 3 (Ecomm events & Dashboard Build)"
"Prospect","RESF0004 - AA Life Platform","Analytics","Analytics - Director","Australia","02/03/2026","31/03/2026","1.00","USD","75.79","USD","75.79","USD","266.06","73.30","USD","27781.21","Resolution Life Services Australia","AU RESF - Resolution Life Services Australia - NZAA Life Platform Tracking Phase 2 & 3 (Ecomm events & Dashboard Build)"
"Prospect","RESF0004 - AA Life Platform","Analytics","Analytics - Director","Australia","02/03/2026","31/03/2026","1.00","USD","75.79","USD","75.79","USD","266.06","73.30","USD","27781.21","Resolution Life Services Australia","AU RESF - Resolution Life Services Australia - NZAA Life Platform Tracking Phase 2 & 3 (Ecomm events & Dashboard Build)"
"Prospect","RESF0004 - AA Life Platform","Analytics","Analytics - Director","Australia","02/03/2026","31/03/2026","1.00","USD","75.79","USD","75.79","USD","266.06","73.30","USD","27781.21","Resolution Life Services Australia","AU RESF - Resolution Life Services Australia - NZAA Life Platform Tracking Phase 2 & 3 (Ecomm events & Dashboard Build)"
"Prospect","RESF0004 - AA Life Platform","Analytics","Analytics - Senior Manager","Australia","02/03/2026","31/03/2026","1.00","USD","66.27","USD","66.27","USD","242.58","73.30","USD","27781.21","Resolution Life Services Australia","AU RESF - Resolution Life Services Australia - NZAA Life Platform Tracking Phase 2 & 3 (Ecomm events & Dashboard Build)"
"Prospect","RESF0004 - AA Life Platform","Analytics","Analytics - Director","Australia","02/03/2026","31/03/2026","1.00","USD","75.79","USD","75.79","USD","266.06","73.30","USD","27781.21","Resolution Life Services Australia","AU RESF - Resolution Life Services Australia - NZAA Life Platform Tracking Phase 2 & 3 (Ecomm events & Dashboard Build)"
"Prospect","RESF0004 - AA Life Platform","Analytics","Analytics - Director","Australia","02/03/2026","31/03/2026","1.00","USD","75.79","USD","75.79","USD","266.06","73.30","USD","27781.21","Resolution Life Services Australia","AU RESF - Resolution Life Services Australia - NZAA Life Platform Tracking Phase 2 & 3 (Ecomm events & Dashboard Build)"
"Prospect","RESF0004 - AA Life Platform","Analytics","Analytics - Director","Australia","02/03/2026","31/03/2026","1.00","USD","75.79","USD","75.79","USD","266.06","73.30","USD","27781.21","Resolution Life Services Australia","AU RESF - Resolution Life Services Australia - NZAA Life Platform Tracking Phase 2 & 3 (Ecomm events & Dashboard Build)"
"Prospect","RESF0004 - AA Life Platform","Analytics","Analytics - Senior Manager","Australia","02/03/2026","31/03/2026","2.00","USD","66.27","USD","132.54","USD","485.16","73.30","USD","27781.21","Resolution Life Services Australia","AU RESF - Resolution Life Services Australia - NZAA Life Platform Tracking Phase 2 & 3 (Ecomm events & Dashboard Build)"
"Prospect","RESF0004 - AA Life Platform","Analytics","Analytics - Director","Australia","02/03/2026","31/03/2026","1.00","USD","75.79","USD","75.79","USD","266.06","73.30","USD","27781.21","Resolution Life Services Australia","AU RESF - Resolution Life Services Australia - NZAA Life Platform Tracking Phase 2 & 3 (Ecomm events & Dashboard Build)"
"Prospect","RESF0004 - AA Life Platform","Client Management","Client Management - Senior Manager","Australia","02/03/2026","31/03/2026","3.00","USD","61.59","USD","184.76","USD","633.84","73.30","USD","27781.21","Resolution Life Services Australia","AU RESF - Resolution Life Services Australia - NZAA Life Platform Tracking Phase 2 & 3 (Ecomm events & Dashboard Build)"
"Prospect","RESF0004 - AA Life Platform","Analytics","Analytics - Manager","Australia","02/03/2026","31/03/2026","5.00","USD","44.43","USD","222.16","USD","881.27","73.30","USD","27781.21","Resolution Life Services Australia","AU RESF - Resolution Life Services Australia - NZAA Life Platform Tracking Phase 2 & 3 (Ecomm events & Dashboard Build)"
"Prospect","RESF0004 - AA Life Platform","Analytics","Analytics - Senior Manager","Australia","02/03/2026","31/03/2026","1.00","USD","66.27","USD","66.27","USD","242.58","73.30","USD","27781.21","Resolution Life Services Australia","AU RESF - Resolution Life Services Australia - NZAA Life Platform Tracking Phase 2 & 3 (Ecomm events & Dashboard Build)"
"Prospect","RESF0004 - AA Life Platform","Analytics","Analytics - Director","Australia","02/03/2026","31/03/2026","1.00","USD","75.79","USD","75.79","USD","266.06","73.30","USD","27781.21","Resolution Life Services Australia","AU RESF - Resolution Life Services Australia - NZAA Life Platform Tracking Phase 2 & 3 (Ecomm events & Dashboard Build)"
"Prospect","RESF0004 - AA Life Platform","Analytics","Analytics - Manager","Australia","02/03/2026","31/03/2026","5.00","USD","44.43","USD","222.16","USD","881.27","73.30","USD","27781.21","Resolution Life Services Australia","AU RESF - Resolution Life Services Australia - NZAA Life Platform Tracking Phase 2 & 3 (Ecomm events & Dashboard Build)"
"Prospect","RESF0004 - AA Life Platform","Analytics","Analytics - Senior Manager","Australia","02/03/2026","31/03/2026","1.00","USD","66.27","USD","66.27","USD","242.58","73.30","USD","27781.21","Resolution Life Services Australia","AU RESF - Resolution Life Services Australia - NZAA Life Platform Tracking Phase 2 & 3 (Ecomm events & Dashboard Build)"
"Prospect","RESF0004 - AA Life Platform","Analytics","Analytics - Director","Australia","02/03/2026","31/03/2026","1.00","USD","75.79","USD","75.79","USD","266.06","73.30","USD","27781.21","Resolution Life Services Australia","AU RESF - Resolution Life Services Australia - NZAA Life Platform Tracking Phase 2 & 3 (Ecomm events & Dashboard Build)"
"Prospect","RESF0004 - AA Life Platform","Analytics","Analytics - Manager","Australia","02/03/2026","31/03/2026","5.00","USD","44.43","USD","222.16","USD","881.27","73.30","USD","27781.21","Resolution Life Services Australia","AU RESF - Resolution Life Services Australia - NZAA Life Platform Tracking Phase 2 & 3 (Ecomm events & Dashboard Build)"
"Prospect","RESF0004 - AA Life Platform","Analytics","Analytics - Senior Manager","Australia","02/03/2026","31/03/2026","1.00","USD","66.27","USD","66.27","USD","242.58","73.30","USD","27781.21","Resolution Life Services Australia","AU RESF - Resolution Life Services Australia - NZAA Life Platform Tracking Phase 2 & 3 (Ecomm events & Dashboard Build)"
"Prospect","RESF0004 - AA Life Platform","Analytics","Analytics - Director","Australia","02/03/2026","31/03/2026","1.00","USD","75.79","USD","75.79","USD","266.06","73.30","USD","27781.21","Resolution Life Services Australia","AU RESF - Resolution Life Services Australia - NZAA Life Platform Tracking Phase 2 & 3 (Ecomm events & Dashboard Build)"
"Prospect","RESF0004 - AA Life Platform","Analytics","Analytics - Director","Australia","02/03/2026","31/03/2026","1.00","USD","75.79","USD","75.79","USD","266.06","73.30","USD","27781.21","Resolution Life Services Australia","AU RESF - Resolution Life Services Australia - NZAA Life Platform Tracking Phase 2 & 3 (Ecomm events & Dashboard Build)"
"Shortlisted / Final Stages","RAA - GMP Support","","Programmatic - Senior Manager","Australia","01/02/2026","31/01/2027","3.00","USD","115.46","USD","346.37","USD","603.66","33.45","USD","10517.65","Royal Automobile Association of South Australia Incorporated","Royal Automobile Association of South Australia Incorporated - DV360000,CM360000"
"Shortlisted / Final Stages","RAA - GMP Support","","Programmatic - Senior Manager","Australia","01/02/2026","31/01/2027","3.00","USD","115.46","USD","346.37","USD","603.66","33.45","USD","10517.65","Royal Automobile Association of South Australia Incorporated","Royal Automobile Association of South Australia Incorporated - DV360000,CM360000"
"Shortlisted / Final Stages","RAA - GMP Support","","Programmatic - Senior Manager","Australia","01/02/2026","31/01/2027","2.00","USD","115.46","USD","230.91","USD","402.44","33.45","USD","10517.65","Royal Automobile Association of South Australia Incorporated","Royal Automobile Association of South Australia Incorporated - DV360000,CM360000"
"Shortlisted / Final Stages","RAA - GMP Support","","Analytics - Senior Manager","Australia","01/02/2026","31/01/2027","4.00","USD","131.95","USD","527.79","USD","924.12","33.45","USD","10517.65","Royal Automobile Association of South Australia Incorporated","Royal Automobile Association of South Australia Incorporated - DV360000,CM360000"
"Shortlisted / Final Stages","RAA - GMP Support","","Programmatic - Senior Manager","Australia","01/02/2026","31/01/2027","2.00","USD","115.46","USD","230.91","USD","402.44","33.45","USD","10517.65","Royal Automobile Association of South Australia Incorporated","Royal Automobile Association of South Australia Incorporated - DV360000,CM360000"
"Shortlisted / Final Stages","RAA - GMP Support","","Programmatic - Senior Manager","Australia","01/02/2026","31/01/2027","0.50","USD","115.46","USD","57.73","USD","100.61","33.45","USD","10517.65","Royal Automobile Association of South Australia Incorporated","Royal Automobile Association of South Australia Incorporated - DV360000,CM360000"
"Shortlisted / Final Stages","RAA - GMP Support","","Programmatic - Senior Manager","Australia","01/02/2026","31/01/2027","3.00","USD","115.46","USD","346.37","USD","603.66","33.45","USD","10517.65","Royal Automobile Association of South Australia Incorporated","Royal Automobile Association of South Australia Incorporated - DV360000,CM360000"
"Shortlisted / Final Stages","RAA - GMP Support","","Analytics - Senior Manager","Australia","01/02/2026","31/01/2027","5.00","USD","131.95","USD","659.74","USD","1155.15","33.45","USD","10517.65","Royal Automobile Association of South Australia Incorporated","Royal Automobile Association of South Australia Incorporated - DV360000,CM360000"
"Shortlisted / Final Stages","RAA - GMP Support","","Programmatic - Senior Manager","Australia","01/02/2026","31/01/2027","2.00","USD","115.46","USD","230.91","USD","402.44","33.45","USD","10517.65","Royal Automobile Association of South Australia Incorporated","Royal Automobile Association of South Australia Incorporated - DV360000,CM360000"
"Shortlisted / Final Stages","RAA - GMP Support","","Analytics - Senior Manager","Australia","01/02/2026","31/01/2027","1.00","USD","131.95","USD","131.95","USD","231.03","33.45","USD","10517.65","Royal Automobile Association of South Australia Incorporated","Royal Automobile Association of South Australia Incorporated - DV360000,CM360000"
"Shortlisted / Final Stages","RAA - GMP Support","","Project Management - Senior Manager","Australia","01/02/2026","31/01/2027","2.00","USD","98.96","USD","197.93","USD","365.18","33.45","USD","10517.65","Royal Automobile Association of South Australia Incorporated","Royal Automobile Association of South Australia Incorporated - DV360000,CM360000"
"Shortlisted / Final Stages","RAA - GMP Support","","Analytics - Senior Manager","Australia","01/02/2026","31/01/2027","3.00","USD","131.95","USD","395.84","USD","693.09","33.45","USD","10517.65","Royal Automobile Association of South Australia Incorporated","Royal Automobile Association of South Australia Incorporated - DV360000,CM360000"
"Shortlisted / Final Stages","RAA - GMP Support","","Client Management - Senior Manager","Australia","01/02/2026","31/01/2027","0.50","USD","109.96","USD","54.98","USD","100.61","33.45","USD","10517.65","Royal Automobile Association of South Australia Incorporated","Royal Automobile Association of South Australia Incorporated - DV360000,CM360000"
"Shortlisted / Final Stages","RAA - GMP Support","","Client Management - Senior Manager","Australia","01/02/2026","31/01/2027","0.50","USD","109.96","USD","54.98","USD","100.61","33.45","USD","10517.65","Royal Automobile Association of South Australia Incorporated","Royal Automobile Association of South Australia Incorporated - DV360000,CM360000"
"Shortlisted / Final Stages","RAA - GMP Support","","Client Management - Senior Manager","Australia","01/02/2026","31/01/2027","0.50","USD","109.96","USD","54.98","USD","100.61","33.45","USD","10517.65","Royal Automobile Association of South Australia Incorporated","Royal Automobile Association of South Australia Incorporated - DV360000,CM360000"
"Shortlisted / Final Stages","RAA - GMP Support","","Client Management - Senior Manager","Australia","01/02/2026","31/01/2027","0.50","USD","109.96","USD","54.98","USD","100.61","33.45","USD","10517.65","Royal Automobile Association of South Australia Incorporated","Royal Automobile Association of South Australia Incorporated - DV360000,CM360000"
"Shortlisted / Final Stages","RAA - GMP Support","","Client Management - Senior Manager","Australia","01/02/2026","31/01/2027","0.50","USD","109.96","USD","54.98","USD","100.61","33.45","USD","10517.65","Royal Automobile Association of South Australia Incorporated","Royal Automobile Association of South Australia Incorporated - DV360000,CM360000"
"Shortlisted / Final Stages","RAA - GMP Support","","Client Management - Senior Manager","Australia","01/02/2026","31/01/2027","0.50","USD","109.96","USD","54.98","USD","100.61","33.45","USD","10517.65","Royal Automobile Association of South Australia Incorporated","Royal Automobile Association of South Australia Incorporated - DV360000,CM360000"
"Shortlisted / Final Stages","RAA - GMP Support","","Client Management - Senior Manager","Australia","01/02/2026","31/01/2027","1.00","USD","109.96","USD","109.96","USD","201.22","33.45","USD","10517.65","Royal Automobile Association of South Australia Incorporated","Royal Automobile Association of South Australia Incorporated - DV360000,CM360000"
"Shortlisted / Final Stages","RAA - GMP Support","","Client Management - Senior Manager","Australia","01/02/2026","31/01/2027","0.50","USD","109.96","USD","54.98","USD","100.61","33.45","USD","10517.65","Royal Automobile Association of South Australia Incorporated","Royal Automobile Association of South Australia Incorporated - DV360000,CM360000"
"Shortlisted / Final Stages","RAA - GMP Support","","Flex Pool","Australia","01/02/2026","31/01/2027","0.80","","","USD","0.00","USD","59.62","33.45","USD","10517.65","Royal Automobile Association of South Australia Incorporated","Royal Automobile Association of South Australia Incorporated - DV360000,CM360000"
"Shortlisted / Final Stages","RAA - GMP Support","AdTech Solutions","AdTech Solutions - Director","India","01/10/2025","30/09/2026","30.00","USD","51.39","USD","1541.57","USD","1963.90","33.45","USD","10517.65","Royal Automobile Association of South Australia Incorporated","Royal Automobile Association of South Australia Incorporated - DV360000,CM360000"
"Shortlisted / Final Stages","RAA - GMP Support","AdTech Solutions","AdTech Solutions - Senior Manager","India","01/10/2025","30/09/2026","40.00","USD","35.97","USD","1438.94","USD","1833.04","33.45","USD","10517.65","Royal Automobile Association of South Australia Incorporated","Royal Automobile Association of South Australia Incorporated - DV360000,CM360000"
"Shortlisted / Final Stages","RAA - GMP Support","AdTech Solutions","AdTech Solutions - Executive","Australia","01/10/2025","30/09/2026","46.00","USD","57.29","USD","2635.25","USD","3357.22","33.45","USD","10517.65","Royal Automobile Association of South Australia Incorporated","Royal Automobile Association of South Australia Incorporated - DV360000,CM360000"
"Shortlisted / Final Stages","RAA - GMP Support","","Client Management - Senior Manager","Australia","01/02/2026","31/01/2027","3.70","USD","109.96","USD","406.86","USD","744.51","33.45","USD","10517.65","Royal Automobile Association of South Australia Incorporated","Royal Automobile Association of South Australia Incorporated - DV360000,CM360000"
"Shortlisted / Final Stages","RAA - GMP Support","","Client Management - Senior Manager","Australia","01/02/2026","31/01/2027","3.70","USD","109.96","USD","406.86","USD","744.51","33.45","USD","10517.65","Royal Automobile Association of South Australia Incorporated","Royal Automobile Association of South Australia Incorporated - DV360000,CM360000"
"Shortlisted / Final Stages","RAA - GMP Support","","Programmatic - Senior Manager","Australia","01/02/2026","31/07/2027","37.83","USD","115.46","USD","4367.67","USD","7612.13","33.45","USD","10517.65","Royal Automobile Association of South Australia Incorporated","Royal Automobile Association of South Australia Incorporated - DV360000,CM360000"
"Shortlisted / Final Stages","RAA - GMP Support","","Client Management - Senior Manager","Australia","01/02/2026","31/07/2027","2.00","USD","109.96","USD","219.93","USD","402.44","33.45","USD","10517.65","Royal Automobile Association of South Australia Incorporated","Royal Automobile Association of South Australia Incorporated - DV360000,CM360000"
"Shortlisted / Final Stages","RAA - GMP Support","","Project Management - Senior Manager","Australia","01/02/2026","31/07/2027","1.00","USD","98.96","USD","98.96","USD","182.59","33.45","USD","10517.65","Royal Automobile Association of South Australia Incorporated","Royal Automobile Association of South Australia Incorporated - DV360000,CM360000"
"Shortlisted / Final Stages","RAA - GMP Support","AdTech Solutions","AdTech Solutions - Director","India","01/02/2026","31/01/2027","30.00","USD","51.39","USD","1541.57","USD","1963.90","33.45","USD","10517.65","Royal Automobile Association of South Australia Incorporated","Royal Automobile Association of South Australia Incorporated - DV360000,CM360000"
"Shortlisted / Final Stages","RAA - GMP Support","AdTech Solutions","AdTech Solutions - Senior Manager","India","01/02/2026","31/01/2027","40.00","USD","35.97","USD","1438.94","USD","1833.04","33.45","USD","10517.65","Royal Automobile Association of South Australia Incorporated","Royal Automobile Association of South Australia Incorporated - DV360000,CM360000"
"Shortlisted / Final Stages","RAA - GMP Support","AdTech Solutions","AdTech Solutions - Executive","Australia","01/02/2026","31/01/2027","46.00","USD","57.29","USD","2635.25","USD","3357.22","33.45","USD","10517.65","Royal Automobile Association of South Australia Incorporated","Royal Automobile Association of South Australia Incorporated - DV360000,CM360000"
"Shortlisted / Final Stages","Sky New Site Analytics","","Analytics - Senior Manager","Australia","01/07/2025","31/10/2025","42.00","USD","131.95","USD","5541.81","USD","9703.25","43.39","USD","10086.39","Sky Network Television Ltd","Sky Network Television Ltd - MART003"
"Shortlisted / Final Stages","Sky New Site Analytics","","Client Management - Senior Manager","Australia","01/07/2025","31/10/2025","2.00","USD","109.96","USD","219.93","USD","402.44","43.39","USD","10086.39","Sky Network Television Ltd","Sky Network Television Ltd - MART003"
"Shortlisted / Final Stages","Sky New Site Analytics","","Analytics - Senior Manager","Australia","01/07/2025","31/10/2025","8.00","USD","131.95","USD","1055.58","USD","1848.24","43.39","USD","10086.39","Sky Network Television Ltd","Sky Network Television Ltd - MART003"
"Shortlisted / Final Stages","Sky New Site Analytics","","Client Management - Senior Manager","Australia","01/07/2025","31/10/2025","1.00","USD","109.96","USD","109.96","USD","201.22","43.39","USD","10086.39","Sky Network Television Ltd","Sky Network Television Ltd - MART003"
"Shortlisted / Final Stages","Sky New Site Analytics","","Analytics - Senior Manager","Australia","01/07/2025","31/10/2025","26.00","USD","131.95","USD","3430.64","USD","6006.78","43.39","USD","10086.39","Sky Network Television Ltd","Sky Network Television Ltd - MART003"
"Shortlisted / Final Stages","Sky New Site Analytics","","Client Management - Senior Manager","Australia","01/07/2025","31/10/2025","2.00","USD","109.96","USD","219.93","USD","402.44","43.39","USD","10086.39","Sky Network Television Ltd","Sky Network Television Ltd - MART003"
"Shortlisted / Final Stages","Sky New Site Analytics","","Analytics - Senior Manager","Australia","01/07/2025","31/10/2025","5.00","USD","131.95","USD","659.74","USD","1155.15","43.39","USD","10086.39","Sky Network Television Ltd","Sky Network Television Ltd - MART003"
"Shortlisted / Final Stages","Sky New Site Analytics","","Client Management - Senior Manager","Australia","01/07/2025","31/10/2025","5.00","USD","109.96","USD","549.81","USD","1006.10","43.39","USD","10086.39","Sky Network Television Ltd","Sky Network Television Ltd - MART003"
"Shortlisted / Final Stages","Sky New Site Analytics","","Client Management - Senior Manager","Australia","01/07/2025","31/10/2025","3.00","USD","109.96","USD","329.89","USD","603.66","43.39","USD","10086.39","Sky Network Television Ltd","Sky Network Television Ltd - MART003"
"Shortlisted / Final Stages","Sky New Site Analytics","","Client Management - Senior Manager","Australia","01/07/2025","31/10/2025","5.00","USD","109.96","USD","549.81","USD","1006.10","43.39","USD","10086.39","Sky Network Television Ltd","Sky Network Television Ltd - MART003"
"Shortlisted / Final Stages","Sky New Site Analytics","","Project Management - Senior Manager","Australia","01/07/2025","31/10/2025","5.00","USD","98.96","USD","494.81","USD","912.94","43.39","USD","10086.39","Sky Network Television Ltd","Sky Network Television Ltd - MART003"
"Contract Negotiation","Spotify GG Always-on Student Conversion","","Creative Collective - Director","United States","04/08/2025","30/09/2025","1.99","USD","217.36","USD","432.55","USD","487.55","19.02","USD","3803.05","Spotify US (JFUK)","Spotify US (JFUK) - CREX001"
"Contract Negotiation","Spotify GG Always-on Student Conversion","","Creative Collective - Director","United Kingdom","04/08/2025","30/09/2025","13.00","USD","137.18","USD","1783.34","USD","3185.00","19.02","USD","3803.05","Spotify US (JFUK)","Spotify US (JFUK) - CREX001"
"Contract Negotiation","Spotify GG Always-on Student Conversion","","Creative Collective - Senior Manager","United States","04/08/2025","30/09/2025","31.28","USD","152.15","USD","4759.25","USD","5161.20","19.02","USD","3803.05","Spotify US (JFUK)","Spotify US (JFUK) - CREX001"
"Contract Negotiation","Spotify GG Always-on Student Conversion","","Creative Collective - Senior Manager","United States","04/08/2025","30/09/2025","20.16","USD","152.15","USD","3067.34","USD","3326.40","19.02","USD","3803.05","Spotify US (JFUK)","Spotify US (JFUK) - CREX001"
"Contract Negotiation","Spotify GG Always-on Student Conversion","Client Management","Client Management - Senior Director","United States","04/08/2025","30/09/2025","17.00","USD","265.94","USD","4520.98","USD","5759.26","19.02","USD","3803.05","Spotify US (JFUK)","Spotify US (JFUK) - CREX001"
"Contract Negotiation","Spotify GG Always-on Student Conversion","Integrated Production","Integrated Production - Senior Manager","United Kingdom","04/08/2025","30/09/2025","17.00","USD","96.03","USD","1632.51","USD","2079.61","19.02","USD","3803.05","Spotify US (JFUK)","Spotify US (JFUK) - CREX001"
"Pitch","Custom Javascript Tracking Solution","Analytics","Analytics - Senior Manager","Australia","02/03/2026","29/05/2026","6.00","USD","66.27","USD","397.61","USD","1455.49","72.10","USD","3798.36","Studio Bravo","AU STUQ - Studio Bravo - Analytics Support - Custom Javascript Tracking Solution"
"Pitch","Custom Javascript Tracking Solution","Analytics","Analytics - Director","Australia","02/03/2026","29/05/2026","2.00","USD","75.79","USD","151.57","USD","532.11","72.10","USD","3798.36","Studio Bravo","AU STUQ - Studio Bravo - Analytics Support - Custom Javascript Tracking Solution"
"Pitch","Custom Javascript Tracking Solution","Project Management","Project Management - Senior Manager","Australia","02/03/2026","29/05/2026","0.50","USD","53.50","USD","26.75","USD","95.86","72.10","USD","3798.36","Studio Bravo","AU STUQ - Studio Bravo - Analytics Support - Custom Javascript Tracking Solution"
"Pitch","Custom Javascript Tracking Solution","Analytics","Analytics - Senior Manager","Australia","02/03/2026","29/05/2026","2.00","USD","66.27","USD","132.54","USD","485.16","72.10","USD","3798.36","Studio Bravo","AU STUQ - Studio Bravo - Analytics Support - Custom Javascript Tracking Solution"
"Pitch","Custom Javascript Tracking Solution","Analytics","Analytics - Director","Australia","02/03/2026","29/05/2026","2.00","USD","75.79","USD","151.57","USD","532.11","72.10","USD","3798.36","Studio Bravo","AU STUQ - Studio Bravo - Analytics Support - Custom Javascript Tracking Solution"
"Pitch","Custom Javascript Tracking Solution","Client Management","Client Management - Senior Manager","Australia","02/03/2026","29/05/2026","2.00","USD","61.59","USD","123.18","USD","422.56","72.10","USD","3798.36","Studio Bravo","AU STUQ - Studio Bravo - Analytics Support - Custom Javascript Tracking Solution"
"Pitch","Custom Javascript Tracking Solution","Project Management","Project Management - Senior Manager","Australia","02/03/2026","29/05/2026","0.50","USD","53.50","USD","26.75","USD","95.86","72.10","USD","3798.36","Studio Bravo","AU STUQ - Studio Bravo - Analytics Support - Custom Javascript Tracking Solution"
"Pitch","Custom Javascript Tracking Solution","Client Management","Client Management - Senior Manager","Australia","02/03/2026","29/05/2026","1.00","USD","61.59","USD","61.59","USD","211.28","72.10","USD","3798.36","Studio Bravo","AU STUQ - Studio Bravo - Analytics Support - Custom Javascript Tracking Solution"
"Pitch","Custom Javascript Tracking Solution","Analytics","Analytics - Senior Manager","Australia","02/03/2026","29/05/2026","4.00","USD","66.27","USD","265.07","USD","970.33","72.10","USD","3798.36","Studio Bravo","AU STUQ - Studio Bravo - Analytics Support - Custom Javascript Tracking Solution"
"Pitch","Custom Javascript Tracking Solution","Analytics","Analytics - Director","Australia","02/03/2026","29/05/2026","1.00","USD","75.79","USD","75.79","USD","266.06","72.10","USD","3798.36","Studio Bravo","AU STUQ - Studio Bravo - Analytics Support - Custom Javascript Tracking Solution"
"Pitch","Custom Javascript Tracking Solution","Client Management","Client Management - Senior Manager","Australia","02/03/2026","29/05/2026","0.50","USD","61.59","USD","30.79","USD","105.64","72.10","USD","3798.36","Studio Bravo","AU STUQ - Studio Bravo - Analytics Support - Custom Javascript Tracking Solution"
"Pitch","Custom Javascript Tracking Solution","Project Management","Project Management - Senior Manager","Australia","02/03/2026","29/05/2026","0.50","USD","53.50","USD","26.75","USD","95.86","72.10","USD","3798.36","Studio Bravo","AU STUQ - Studio Bravo - Analytics Support - Custom Javascript Tracking Solution"
"Contract Negotiation","TF Global Markets (Aus) PTY Ltd","Client Management","Client Management - Director","Australia","01/03/2026","28/02/2027","12.00","USD","58.82","USD","705.84","USD","1776.00","80.27","USD","62348.15","TF Global Markets (Aust) Pty Limited","AU TFGL - TF Global Markets (Aust) Pty Limited - Renewal"
"Contract Negotiation","TF Global Markets (Aus) PTY Ltd","AdTech Solutions","AdTech Solutions - Senior Manager","Australia","01/03/2026","28/02/2027","58.50","USD","12.73","USD","744.71","USD","7780.50","80.27","USD","62348.15","TF Global Markets (Aust) Pty Limited","AU TFGL - TF Global Markets (Aust) Pty Limited - Renewal"
"Contract Negotiation","TF Global Markets (Aus) PTY Ltd","Client Management","Client Management - Director","Australia","01/03/2026","28/02/2027","16.00","USD","58.82","USD","941.12","USD","2368.00","80.27","USD","62348.15","TF Global Markets (Aust) Pty Limited","AU TFGL - TF Global Markets (Aust) Pty Limited - Renewal"
"Contract Negotiation","TF Global Markets (Aus) PTY Ltd","AdTech Solutions","AdTech Solutions - Manager","Australia","01/03/2026","28/02/2027","72.00","USD","9.79","USD","704.88","USD","7191.36","80.27","USD","62348.15","TF Global Markets (Aust) Pty Limited","AU TFGL - TF Global Markets (Aust) Pty Limited - Renewal"
"Contract Negotiation","TF Global Markets (Aus) PTY Ltd","Client Management","Client Management - Director","Australia","01/03/2026","28/02/2027","24.00","USD","58.82","USD","1411.68","USD","3552.00","80.27","USD","62348.15","TF Global Markets (Aust) Pty Limited","AU TFGL - TF Global Markets (Aust) Pty Limited - Renewal"
"Contract Negotiation","TF Global Markets (Aus) PTY Ltd","Paid Media","Paid Media - Manager","Australia","01/03/2026","28/02/2027","56.50","USD","42.46","USD","2398.99","USD","6045.50","80.27","USD","62348.15","TF Global Markets (Aust) Pty Limited","AU TFGL - TF Global Markets (Aust) Pty Limited - Renewal"
"Contract Negotiation","Tommy Training - Approved","Language Services","Language Services - Senior Manager","United Kingdom","13/01/2026","31/01/2026","30.00","USD","49.06","USD","1471.80","USD","3712.50","61.74","USD","7259.23","Tommy Hilfiger Europe BV","UK TOMH - Tommy Hilfiger Europe BV - Product Copy Training"
"Contract Negotiation","Tommy Training - Approved","Client Management","Client Management - Director","United Kingdom","13/01/2026","31/01/2026","3.00","USD","78.77","USD","236.32","USD","594.00","61.74","USD","7259.23","Tommy Hilfiger Europe BV","UK TOMH - Tommy Hilfiger Europe BV - Product Copy Training"
"Contract Negotiation","Tommy Training - Approved","Language Services","Language Services - Senior Manager","United Kingdom","13/01/2026","31/01/2026","15.00","USD","49.06","USD","735.90","USD","1856.25","61.74","USD","7259.23","Tommy Hilfiger Europe BV","UK TOMH - Tommy Hilfiger Europe BV - Product Copy Training"
"Contract Negotiation","Tommy Training - Approved","Client Management","Client Management - Director","United Kingdom","13/01/2026","31/01/2026","3.13","USD","78.77","USD","246.56","USD","619.74","61.74","USD","7259.23","Tommy Hilfiger Europe BV","UK TOMH - Tommy Hilfiger Europe BV - Product Copy Training"
"Contract Negotiation","Tommy Training - Approved","Language Services","Language Services - Senior Manager","United Kingdom","13/01/2026","31/01/2026","12.00","USD","49.06","USD","588.72","USD","1485.00","61.74","USD","7259.23","Tommy Hilfiger Europe BV","UK TOMH - Tommy Hilfiger Europe BV - Product Copy Training"
"Contract Negotiation","Tommy Training - Approved","Language Services","Language Services - Senior Manager","United Kingdom","13/01/2026","31/01/2026","21.33","USD","49.06","USD","1046.45","USD","2639.59","61.74","USD","7259.23","Tommy Hilfiger Europe BV","UK TOMH - Tommy Hilfiger Europe BV - Product Copy Training"
"Contract Negotiation","Tommy Training - Approved","Project Management","Project Management - Senior Manager","United Kingdom","13/01/2026","31/01/2026","6.00","USD","28.64","USD","171.85","USD","849.75","61.74","USD","7259.23","Tommy Hilfiger Europe BV","UK TOMH - Tommy Hilfiger Europe BV - Product Copy Training"
"Scoping / Engagement","Tommy Hilfiger: PF26 Wholesale (CK & TH)","Project Management","Project Management - Senior Manager","South Africa","16/02/2026","18/03/2027","21.80","USD","28.64","USD","624.38","USD","1588.68","32.40","USD","16183.24","Tommy Hilfiger Europe BV","UK TOMH - Tommy Hilfiger Europe BV - Wholesale 2026"
"Scoping / Engagement","Tommy Hilfiger: PF26 Wholesale (CK & TH)","Language Services","Language Services - Senior Manager","United Kingdom","16/02/2026","18/03/2027","15.00","USD","49.06","USD","735.90","USD","1856.25","32.40","USD","16183.24","Tommy Hilfiger Europe BV","UK TOMH - Tommy Hilfiger Europe BV - Wholesale 2026"
"Scoping / Engagement","Tommy Hilfiger: PF26 Wholesale (CK & TH)","Client Management","Client Management - Director","United Kingdom","16/02/2026","18/03/2027","3.00","USD","78.77","USD","236.32","USD","594.00","32.40","USD","16183.24","Tommy Hilfiger Europe BV","UK TOMH - Tommy Hilfiger Europe BV - Wholesale 2026"
"Scoping / Engagement","Tommy Hilfiger: PF26 Wholesale (CK & TH)","Project Management","Project Management - Senior Manager","South Africa","01/04/2026","18/05/2027","26.90","USD","28.64","USD","770.45","USD","1960.34","32.40","USD","16183.24","Tommy Hilfiger Europe BV","UK TOMH - Tommy Hilfiger Europe BV - Wholesale 2026"
"Scoping / Engagement","Tommy Hilfiger: PF26 Wholesale (CK & TH)","Language Services","Language Services - Senior Manager","United Kingdom","01/04/2026","18/05/2027","23.50","USD","49.06","USD","1152.91","USD","2908.13","32.40","USD","16183.24","Tommy Hilfiger Europe BV","UK TOMH - Tommy Hilfiger Europe BV - Wholesale 2026"
"Scoping / Engagement","Tommy Hilfiger: PF26 Wholesale (CK & TH)","Client Management","Client Management - Director","United Kingdom","01/04/2026","18/05/2027","6.00","USD","78.77","USD","472.64","USD","1188.00","32.40","USD","16183.24","Tommy Hilfiger Europe BV","UK TOMH - Tommy Hilfiger Europe BV - Wholesale 2026"
"Scoping / Engagement","Tommy Hilfiger: PF26 Wholesale (CK & TH)","Project Management","Project Management - Senior Manager","South Africa","01/07/2026","01/08/2028","21.80","USD","28.64","USD","624.38","USD","1588.68","32.40","USD","16183.24","Tommy Hilfiger Europe BV","UK TOMH - Tommy Hilfiger Europe BV - Wholesale 2026"
"Scoping / Engagement","Tommy Hilfiger: PF26 Wholesale (CK & TH)","Language Services","Language Services - Senior Manager","United Kingdom","01/07/2026","01/08/2028","15.00","USD","49.06","USD","735.90","USD","1856.25","32.40","USD","16183.24","Tommy Hilfiger Europe BV","UK TOMH - Tommy Hilfiger Europe BV - Wholesale 2026"
"Scoping / Engagement","Tommy Hilfiger: PF26 Wholesale (CK & TH)","Client Management","Client Management - Director","United Kingdom","01/07/2026","01/08/2028","3.00","USD","78.77","USD","236.32","USD","594.00","32.40","USD","16183.24","Tommy Hilfiger Europe BV","UK TOMH - Tommy Hilfiger Europe BV - Wholesale 2026"
"Contract Negotiation","Toyota & Lexus retainer 25/26 - Budget Top-up CR","Client Management","Client Management - Senior Director","United Kingdom","23/02/2026","31/03/2026","15.00","USD","97.63","USD","1464.38","USD","3671.25","59.75","USD","16441.67","Toyota Aftersales","Toyota Aftersales - CRMA000 - Toyota CRM Retainer Apr 2025 - Mar 2026 - Change Request"
"Contract Negotiation","Toyota & Lexus retainer 25/26 - Budget Top-up CR","Project Management","Project Management - VP +","United Kingdom","23/02/2026","31/03/2026","20.00","USD","141.69","USD","2833.88","USD","7095.00","59.75","USD","16441.67","Toyota Aftersales","Toyota Aftersales - CRMA000 - Toyota CRM Retainer Apr 2025 - Mar 2026 - Change Request"
"Contract Negotiation","Toyota & Lexus retainer 25/26 - Budget Top-up CR","Language Services","Language Services - Manager","United Kingdom","23/02/2026","31/03/2026","11.00","USD","37.22","USD","409.43","USD","1028.50","59.75","USD","16441.67","Toyota Aftersales","Toyota Aftersales - CRMA000 - Toyota CRM Retainer Apr 2025 - Mar 2026 - Change Request"
"Contract Negotiation","Toyota & Lexus retainer 25/26 - Budget Top-up CR","CX - CRM","CX - CRM - Senior Manager","United Kingdom","23/02/2026","31/03/2026","55.00","USD","77.15","USD","4243.32","USD","10663.13","59.75","USD","16441.67","Toyota Aftersales","Toyota Aftersales - CRMA000 - Toyota CRM Retainer Apr 2025 - Mar 2026 - Change Request"
"Contract Negotiation","Toyota & Lexus retainer 25/26 - Budget Top-up CR","CX - CRM","CX - CRM - Director","United Kingdom","23/02/2026","31/03/2026","20.00","USD","106.26","USD","2125.20","USD","5060.00","59.75","USD","16441.67","Toyota Aftersales","Toyota Aftersales - CRMA000 - Toyota CRM Retainer Apr 2025 - Mar 2026 - Change Request"
"Contract Negotiation","Toyota Fleet - Support Budget Q1 2026 Top-up CR","CX - CRM","CX - CRM - Director","United Kingdom","01/03/2026","31/03/2026","12.75","USD","106.26","USD","1354.82","USD","3225.75","59.63","USD","8220.04","Toyota Aftersales","Toyota Aftersales - MART017 - Fleet - Support Budget Q4 2025 - Change Request"
"Contract Negotiation","Toyota Fleet - Support Budget Q1 2026 Top-up CR","CX - CRM","CX - CRM - Senior Manager","United Kingdom","01/03/2026","31/03/2026","15.00","USD","77.15","USD","1157.27","USD","2908.13","59.63","USD","8220.04","Toyota Aftersales","Toyota Aftersales - MART017 - Fleet - Support Budget Q4 2025 - Change Request"
"Contract Negotiation","Toyota Fleet - Support Budget Q1 2026 Top-up CR","CX - CRM","CX - CRM - Manager","United Kingdom","01/03/2026","31/03/2026","15.00","USD","46.70","USD","700.43","USD","1753.13","59.63","USD","8220.04","Toyota Aftersales","Toyota Aftersales - MART017 - Fleet - Support Budget Q4 2025 - Change Request"
"Contract Negotiation","Toyota Fleet - Support Budget Q1 2026 Top-up CR","Language Services","Language Services - Manager","United Kingdom","01/03/2026","31/03/2026","15.00","USD","37.22","USD","558.32","USD","1402.50","59.63","USD","8220.04","Toyota Aftersales","Toyota Aftersales - MART017 - Fleet - Support Budget Q4 2025 - Change Request"
"Contract Negotiation","Toyota Fleet - Support Budget Q1 2026 Top-up CR","Client Management","Client Management - Senior Director","United Kingdom","01/03/2026","31/03/2026","7.50","USD","97.63","USD","732.19","USD","1835.63","59.63","USD","8220.04","Toyota Aftersales","Toyota Aftersales - MART017 - Fleet - Support Budget Q4 2025 - Change Request"
"Contract Negotiation","Toyota Fleet - Support Budget Q1 2026 Top-up CR","Project Management","Project Management - VP +","United Kingdom","01/03/2026","31/03/2026","7.50","USD","141.69","USD","1062.70","USD","2660.63","59.63","USD","8220.04","Toyota Aftersales","Toyota Aftersales - MART017 - Fleet - Support Budget Q4 2025 - Change Request"
"Contract Negotiation","Trip A Deal Pty Ltd - Analytics Retainer Renewal","","Analytics - Executive","Australia","01/08/2025","31/12/2026","10.00","USD","68.75","USD","687.50","USD","1229.67","33.97","USD","7632.22","Trip A Deal Pty Ltd","Trip A Deal Pty Ltd - MART003 - Renewal"
"Contract Negotiation","Trip A Deal Pty Ltd - Analytics Retainer Renewal","","Analytics - Director","Australia","01/08/2025","31/12/2026","10.00","USD","188.50","USD","1884.98","USD","2533.88","33.97","USD","7632.22","Trip A Deal Pty Ltd","Trip A Deal Pty Ltd - MART003 - Renewal"
"Contract Negotiation","Trip A Deal Pty Ltd - Analytics Retainer Renewal","","Analytics - Executive","Australia","01/08/2025","31/12/2026","10.00","USD","68.75","USD","687.50","USD","1229.67","33.97","USD","7632.22","Trip A Deal Pty Ltd","Trip A Deal Pty Ltd - MART003 - Renewal"
"Contract Negotiation","Trip A Deal Pty Ltd - Analytics Retainer Renewal","","Analytics - Director","Australia","01/08/2025","31/12/2026","10.00","USD","188.50","USD","1884.98","USD","2533.88","33.97","USD","7632.22","Trip A Deal Pty Ltd","Trip A Deal Pty Ltd - MART003 - Renewal"
"Contract Negotiation","Trip A Deal Pty Ltd - Analytics Retainer Renewal","","Analytics - Executive","Australia","01/08/2025","31/12/2026","10.00","USD","68.75","USD","687.50","USD","1229.67","33.97","USD","7632.22","Trip A Deal Pty Ltd","Trip A Deal Pty Ltd - MART003 - Renewal"
"Contract Negotiation","Trip A Deal Pty Ltd - Analytics Retainer Renewal","","Analytics - Director","Australia","01/08/2025","31/12/2026","10.00","USD","188.50","USD","1884.98","USD","2533.88","33.97","USD","7632.22","Trip A Deal Pty Ltd","Trip A Deal Pty Ltd - MART003 - Renewal"
"Contract Negotiation","Trip A Deal Pty Ltd - Analytics Retainer Renewal","","Analytics - Executive","Australia","01/08/2025","31/12/2026","13.00","USD","68.75","USD","893.75","USD","1598.58","33.97","USD","7632.22","Trip A Deal Pty Ltd","Trip A Deal Pty Ltd - MART003 - Renewal"
"Contract Negotiation","Trip A Deal Pty Ltd - Analytics Retainer Renewal","","Analytics - Director","Australia","01/08/2025","31/12/2026","10.00","USD","188.50","USD","1884.98","USD","2533.88","33.97","USD","7632.22","Trip A Deal Pty Ltd","Trip A Deal Pty Ltd - MART003 - Renewal"
"Contract Negotiation","Trip A Deal Pty Ltd - Analytics Retainer Renewal","","Analytics - Executive","Australia","01/08/2025","31/12/2026","10.00","USD","68.75","USD","687.50","USD","1229.67","33.97","USD","7632.22","Trip A Deal Pty Ltd","Trip A Deal Pty Ltd - MART003 - Renewal"
"Contract Negotiation","Trip A Deal Pty Ltd - Analytics Retainer Renewal","","Analytics - Director","Australia","01/08/2025","31/12/2026","10.00","USD","188.50","USD","1884.98","USD","2533.88","33.97","USD","7632.22","Trip A Deal Pty Ltd","Trip A Deal Pty Ltd - MART003 - Renewal"
"Contract Negotiation","Trip A Deal Pty Ltd - Analytics Retainer Renewal","","Client Management - Senior Manager","Australia","01/08/2025","31/12/2026","10.00","USD","109.96","USD","1099.63","USD","2012.20","33.97","USD","7632.22","Trip A Deal Pty Ltd","Trip A Deal Pty Ltd - MART003 - Renewal"
"Contract Negotiation","Trip A Deal Pty Ltd - Analytics Retainer Renewal","","Project Management - Manager","Australia","01/08/2025","31/12/2026","10.00","USD","66.53","USD","665.29","USD","1266.94","33.97","USD","7632.22","Trip A Deal Pty Ltd","Trip A Deal Pty Ltd - MART003 - Renewal"
"Pitch","Piloto SoM - v1","Client Management","Client Management - Senior Manager","Brazil","31/01/2026","31/03/2026","2.00","USD","37.35","USD","74.70","USD","187.01","63.91","USD","10484.33","VALE Brasil","BR VALC - VALE Brasil - VALE SoM"
"Pitch","Piloto SoM - v1","Project Management","Project Management - Manager","Brazil","31/01/2026","31/03/2026","2.00","USD","18.20","USD","36.41","USD","91.11","63.91","USD","10484.33","VALE Brasil","BR VALC - VALE Brasil - VALE SoM"
"Pitch","Piloto SoM - v1","Brand Strategy","Brand Strategy - Senior Manager","Brazil","31/01/2026","31/03/2026","4.00","USD","30.20","USD","120.80","USD","345.24","63.91","USD","10484.33","VALE Brasil","BR VALC - VALE Brasil - VALE SoM"
"Pitch","Piloto SoM - v1","Client Management","Client Management - Senior Manager","Brazil","31/01/2026","31/03/2026","30.00","USD","37.35","USD","1120.46","USD","2805.09","63.91","USD","10484.33","VALE Brasil","BR VALC - VALE Brasil - VALE SoM"
"Pitch","Piloto SoM - v1","Project Management","Project Management - Manager","Brazil","31/01/2026","31/03/2026","12.00","USD","18.20","USD","218.45","USD","546.63","63.91","USD","10484.33","VALE Brasil","BR VALC - VALE Brasil - VALE SoM"
"Pitch","Piloto SoM - v1","Brand Strategy","Brand Strategy - Senior Manager","Brazil","31/01/2026","31/03/2026","72.00","USD","30.20","USD","2174.34","USD","6214.36","63.91","USD","10484.33","VALE Brasil","BR VALC - VALE Brasil - VALE SoM"
"Pitch","Piloto SoM - v1","Brand Strategy","Brand Strategy - Senior Manager","Brazil","31/01/2026","31/03/2026","72.00","USD","30.20","USD","2174.34","USD","6214.36","63.91","USD","10484.33","VALE Brasil","BR VALC - VALE Brasil - VALE SoM"
"Pitch","Custom Share of model support","Brand Strategy","Brand Strategy - VP +","United States","13/11/2025","12/11/2026","48.00","USD","324.88","USD","15594.24","USD","19865.28","21.50","USD","4271.04","Veterans United (Mortgage Research Center, LLC)","US VETC - Veterans United - Veterans United SOM"
"Shortlisted / Final Stages","Virgin Active SA360","AdTech Solutions","AdTech Solutions - Director","India","01/10/2025","30/09/2026","9.31","USD","68.84","USD","640.88","USD","816.40","-66.04","USD","-539.19","Virgin Active South Africa (Pty) Ltd","Virgin Active South Africa (Pty) Ltd - SA360000"
"Shortlisted / Final Stages","Virgin Active SA360","AdTech Solutions","AdTech Solutions - Director","India","01/10/2025","30/09/2026","9.00","USD","68.84","USD","619.54","USD","0.00","-66.04","USD","-539.19","Virgin Active South Africa (Pty) Ltd","Virgin Active South Africa (Pty) Ltd - SA360000"
"Shortlisted / Final Stages","Virgin Active SA360","Project Management","Project Management - Manager","South Africa","01/10/2025","30/09/2026","2.00","USD","47.59","USD","95.18","USD","0.00","-66.04","USD","-539.19","Virgin Active South Africa (Pty) Ltd","Virgin Active South Africa (Pty) Ltd - SA360000"
"Contract Negotiation","VA UK Paid Search DDB","Client Management","Client Management - Director","United Kingdom","02/02/2026","30/04/2026","10.00","USD","78.77","USD","787.74","USD","1980.00","60.27","USD","5780.29","VIRGIN ACTIVE UK","SA VIRP - VIRGIN ACTIVE UK - SA VIRP - VIRGIN ACTIVE UK - PPC Audit"
"Contract Negotiation","VA UK Paid Search DDB","Project Management","Project Management - Director","South Africa","02/02/2026","30/04/2026","10.00","USD","36.26","USD","362.59","USD","907.50","60.27","USD","5780.29","VIRGIN ACTIVE UK","SA VIRP - VIRGIN ACTIVE UK - SA VIRP - VIRGIN ACTIVE UK - PPC Audit"
"Contract Negotiation","VA UK Paid Search DDB","Paid Search","Paid Search - Director","South Africa","02/02/2026","30/04/2026","45.00","USD","31.03","USD","1396.52","USD","3526.88","60.27","USD","5780.29","VIRGIN ACTIVE UK","SA VIRP - VIRGIN ACTIVE UK - SA VIRP - VIRGIN ACTIVE UK - PPC Audit"
"Contract Negotiation","VA UK Paid Search DDB","Paid Search","Paid Search - Senior Director","South Africa","02/02/2026","30/04/2026","30.00","USD","42.12","USD","1263.49","USD","3176.25","60.27","USD","5780.29","VIRGIN ACTIVE UK","SA VIRP - VIRGIN ACTIVE UK - SA VIRP - VIRGIN ACTIVE UK - PPC Audit"
"Contract Negotiation","SEO Audit","Client Management","Client Management - Director","United Kingdom","02/02/2026","30/04/2026","10.00","USD","78.77","USD","787.74","USD","1980.00","69.51","USD","11061.99","VIRGIN ACTIVE UK","SA VIRP - VIRGIN ACTIVE UK - SEO Audit"
"Contract Negotiation","SEO Audit","Project Management","Project Management - Director","South Africa","02/02/2026","30/04/2026","10.00","USD","36.26","USD","362.59","USD","907.50","69.51","USD","11061.99","VIRGIN ACTIVE UK","SA VIRP - VIRGIN ACTIVE UK - SEO Audit"
"Contract Negotiation","SEO Audit","SEO","SEO - Director","South Africa","02/02/2026","30/04/2026","82.00","USD","27.23","USD","2232.45","USD","8118.00","69.51","USD","11061.99","VIRGIN ACTIVE UK","SA VIRP - VIRGIN ACTIVE UK - SEO Audit"
"Contract Negotiation","SEO Audit","SEO","SEO - Manager","South Africa","02/02/2026","30/04/2026","60.00","USD","19.24","USD","1154.18","USD","2887.50","69.51","USD","11061.99","VIRGIN ACTIVE UK","SA VIRP - VIRGIN ACTIVE UK - SEO Audit"
"Contract Negotiation","SEO Audit","SEO","SEO - Manager","South Africa","02/02/2026","30/04/2026","42.00","USD","7.51","USD","315.32","USD","2021.25","69.51","USD","11061.99","VIRGIN ACTIVE UK","SA VIRP - VIRGIN ACTIVE UK - SEO Audit"
"Shortlisted / Final Stages","BQ Reporting Suite Approach 1","","Cloud - Senior Manager","Australia","01/09/2025","31/12/2025","2.00","USD","137.45","USD","274.90","USD","462.06","41.02","USD","4649.88","Vocus Pty Ltd","Vocus Pty Ltd - MART021 - BQ Reporting Suite"
"Shortlisted / Final Stages","BQ Reporting Suite Approach 1","","Client Management - Senior Manager","Australia","01/09/2025","31/12/2025","2.00","USD","109.96","USD","219.93","USD","402.44","41.02","USD","4649.88","Vocus Pty Ltd","Vocus Pty Ltd - MART021 - BQ Reporting Suite"
"Shortlisted / Final Stages","BQ Reporting Suite Approach 1","","Project Management - Senior Manager","Australia","01/09/2025","31/12/2025","1.00","USD","98.96","USD","98.96","USD","182.59","41.02","USD","4649.88","Vocus Pty Ltd","Vocus Pty Ltd - MART021 - BQ Reporting Suite"
"Shortlisted / Final Stages","BQ Reporting Suite Approach 1","","Cloud - Senior Manager","Australia","01/09/2025","31/12/2025","20.00","USD","137.45","USD","2748.96","USD","4620.60","41.02","USD","4649.88","Vocus Pty Ltd","Vocus Pty Ltd - MART021 - BQ Reporting Suite"
"Shortlisted / Final Stages","BQ Reporting Suite Approach 1","","Cloud - Senior Manager","Australia","01/09/2025","31/12/2025","1.00","USD","137.45","USD","137.45","USD","231.03","41.02","USD","4649.88","Vocus Pty Ltd","Vocus Pty Ltd - MART021 - BQ Reporting Suite"
"Shortlisted / Final Stages","BQ Reporting Suite Approach 1","","Cloud - Senior Manager","Australia","01/09/2025","31/12/2025","1.00","USD","137.45","USD","137.45","USD","231.03","41.02","USD","4649.88","Vocus Pty Ltd","Vocus Pty Ltd - MART021 - BQ Reporting Suite"
"Shortlisted / Final Stages","BQ Reporting Suite Approach 1","","Cloud - Senior Manager","Australia","01/09/2025","31/12/2025","1.00","USD","137.45","USD","137.45","USD","231.03","41.02","USD","4649.88","Vocus Pty Ltd","Vocus Pty Ltd - MART021 - BQ Reporting Suite"
"Shortlisted / Final Stages","BQ Reporting Suite Approach 1","","Client Management - Senior Manager","Australia","01/09/2025","31/12/2025","1.00","USD","109.96","USD","109.96","USD","201.22","41.02","USD","4649.88","Vocus Pty Ltd","Vocus Pty Ltd - MART021 - BQ Reporting Suite"
"Shortlisted / Final Stages","BQ Reporting Suite Approach 1","","Cloud - Senior Manager","Australia","01/09/2025","31/12/2025","5.00","USD","137.45","USD","687.24","USD","1155.15","41.02","USD","4649.88","Vocus Pty Ltd","Vocus Pty Ltd - MART021 - BQ Reporting Suite"
"Shortlisted / Final Stages","BQ Reporting Suite Approach 1","","Cloud - Senior Manager","Australia","01/09/2025","31/12/2025","14.00","USD","137.45","USD","1924.27","USD","3234.42","41.02","USD","4649.88","Vocus Pty Ltd","Vocus Pty Ltd - MART021 - BQ Reporting Suite"
"Shortlisted / Final Stages","BQ Reporting Suite Approach 1","","Client Management - Senior Manager","Australia","01/09/2025","31/12/2025","1.00","USD","109.96","USD","109.96","USD","201.22","41.02","USD","4649.88","Vocus Pty Ltd","Vocus Pty Ltd - MART021 - BQ Reporting Suite"
"Shortlisted / Final Stages","BQ Reporting Suite Approach 1","","Project Management - Senior Manager","Australia","01/09/2025","31/12/2025","1.00","USD","98.96","USD","98.96","USD","182.59","41.02","USD","4649.88","Vocus Pty Ltd","Vocus Pty Ltd - MART021 - BQ Reporting Suite"
"Scoping / Engagement","IA and Analytics Support T&M","Investment Analytics","Investment Analytics - Director","United Kingdom","14/11/2025","31/08/2026","265.00","USD","177.75","USD","47102.76","USD","55504.88","20.75","USD","14291.39","Walgreens Boots Alliance","UK WBTR - Walgreens Boots Alliance - IA & Analytics T&M"
"Scoping / Engagement","IA and Analytics Support T&M","Analytics","Analytics - Senior Manager","United Kingdom","14/11/2025","31/08/2026","60.00","USD","124.42","USD","7465.43","USD","13354.69","20.75","USD","14291.39","Walgreens Boots Alliance","UK WBTR - Walgreens Boots Alliance - IA & Analytics T&M"
"Contract Negotiation","Workday SEO | Retainer Renewal FY27","Client Management","Client Management - Director","United Kingdom","02/02/2026","31/01/2027","80.00","USD","77.38","USD","6190.40","USD","15520.00","73.52","USD","711568.14","Workday, Inc., Including Workday Affiliates","US W4RD - Workday, Inc., Including Workday Affiliates - Workday SEO Retainer FY27"
"Contract Negotiation","Workday SEO | Retainer Renewal FY27","Client Management","Client Management - Senior Manager","United States","02/02/2026","31/01/2027","306.00","USD","59.83","USD","18307.98","USD","74358.00","73.52","USD","711568.14","Workday, Inc., Including Workday Affiliates","US W4RD - Workday, Inc., Including Workday Affiliates - Workday SEO Retainer FY27"
"Contract Negotiation","Workday SEO | Retainer Renewal FY27","Project Management","Project Management - Manager","South Africa","02/02/2026","31/01/2027","272.30","USD","44.47","USD","12109.18","USD","12253.50","73.52","USD","711568.14","Workday, Inc., Including Workday Affiliates","US W4RD - Workday, Inc., Including Workday Affiliates - Workday SEO Retainer FY27"
"Contract Negotiation","Workday SEO | Retainer Renewal FY27","SEO","SEO - Senior Director","United States","02/02/2026","31/01/2027","807.50","USD","82.14","USD","66328.05","USD","282625.00","73.52","USD","711568.14","Workday, Inc., Including Workday Affiliates","US W4RD - Workday, Inc., Including Workday Affiliates - Workday SEO Retainer FY27"
"Contract Negotiation","Workday SEO | Retainer Renewal FY27","SEO","SEO - Senior Manager","United States","02/02/2026","31/01/2027","788.50","USD","54.18","USD","42720.93","USD","190028.50","73.52","USD","711568.14","Workday, Inc., Including Workday Affiliates","US W4RD - Workday, Inc., Including Workday Affiliates - Workday SEO Retainer FY27"
"Contract Negotiation","Workday SEO | Retainer Renewal FY27","SEO","SEO - Senior Manager","United States","02/02/2026","31/01/2027","247.50","USD","54.18","USD","13409.55","USD","59647.50","73.52","USD","711568.14","Workday, Inc., Including Workday Affiliates","US W4RD - Workday, Inc., Including Workday Affiliates - Workday SEO Retainer FY27"
"Contract Negotiation","Workday SEO | Retainer Renewal FY27","SEO","SEO - Senior Manager","Australia","02/02/2026","31/01/2027","199.90","USD","54.18","USD","10830.58","USD","27586.20","73.52","USD","711568.14","Workday, Inc., Including Workday Affiliates","US W4RD - Workday, Inc., Including Workday Affiliates - Workday SEO Retainer FY27"
"Contract Negotiation","Workday SEO | Retainer Renewal FY27","SEO","SEO - Senior Director","United States","02/02/2026","31/01/2027","185.00","USD","82.14","USD","15195.90","USD","64750.00","73.52","USD","711568.14","Workday, Inc., Including Workday Affiliates","US W4RD - Workday, Inc., Including Workday Affiliates - Workday SEO Retainer FY27"
"Contract Negotiation","Workday SEO | Retainer Renewal FY27","SEO","SEO - Manager","United States","02/02/2026","31/01/2027","140.50","USD","42.59","USD","5983.90","USD","21777.50","73.52","USD","711568.14","Workday, Inc., Including Workday Affiliates","US W4RD - Workday, Inc., Including Workday Affiliates - Workday SEO Retainer FY27"
"Contract Negotiation","Workday SEO | Retainer Renewal FY27","SEO","SEO - Director","Germany","02/02/2026","31/01/2027","392.50","USD","64.05","USD","25139.63","USD","56127.50","73.52","USD","711568.14","Workday, Inc., Including Workday Affiliates","US W4RD - Workday, Inc., Including Workday Affiliates - Workday SEO Retainer FY27"
"Contract Negotiation","Workday SEO | Retainer Renewal FY27","SEO","SEO - Manager","United States","02/02/2026","31/01/2027","329.00","USD","42.59","USD","14012.11","USD","50995.00","73.52","USD","711568.14","Workday, Inc., Including Workday Affiliates","US W4RD - Workday, Inc., Including Workday Affiliates - Workday SEO Retainer FY27"
"Contract Negotiation","Workday SEO | Retainer Renewal FY27","SEO","SEO - Director","United States","02/02/2026","31/01/2027","122.00","USD","64.05","USD","7814.10","USD","36722.00","73.52","USD","711568.14","Workday, Inc., Including Workday Affiliates","US W4RD - Workday, Inc., Including Workday Affiliates - Workday SEO Retainer FY27"
"Contract Negotiation","Workday SEO | Retainer Renewal FY27","SEO","SEO - Director","United States","02/02/2026","31/01/2027","140.90","USD","64.05","USD","9024.65","USD","42410.90","73.52","USD","711568.14","Workday, Inc., Including Workday Affiliates","US W4RD - Workday, Inc., Including Workday Affiliates - Workday SEO Retainer FY27"
"Contract Negotiation","Workday SEO | Retainer Renewal FY27","Client Management","Client Management - Senior Manager","United States","02/02/2026","31/01/2027","52.40","USD","59.83","USD","3135.09","USD","12733.20","73.52","USD","711568.14","Workday, Inc., Including Workday Affiliates","US W4RD - Workday, Inc., Including Workday Affiliates - Workday SEO Retainer FY27"
"Contract Negotiation","Workday SEO | Retainer Renewal FY27","Project Management","Project Management - Manager","United States","02/02/2026","31/01/2027","137.50","USD","44.47","USD","6114.63","USD","20350.00","73.52","USD","711568.14","Workday, Inc., Including Workday Affiliates","US W4RD - Workday, Inc., Including Workday Affiliates - Workday SEO Retainer FY27"
"Prospect","Creator Collective Shoot - April 2026","","Social Creative - Senior Manager","United Kingdom","13/03/2026","30/04/2026","36.00","USD","64.53","USD","2323.08","USD","6264.00","63.15","USD","8495.12","YouTube US","US YOUQ - YouTube US - Creator Collective"
"Prospect","Creator Collective Shoot - April 2026","","Social Creative - Senior Manager","United Kingdom","13/03/2026","30/04/2026","36.00","USD","56.93","USD","2049.48","USD","6264.00","63.15","USD","8495.12","YouTube US","US YOUQ - YouTube US - Creator Collective"
"Prospect","Creator Collective Shoot - April 2026","","Client Management - Senior Manager","United States","13/03/2026","30/04/2026","4.00","USD","96.89","USD","387.56","USD","520.00","63.15","USD","8495.12","YouTube US","US YOUQ - YouTube US - Creator Collective"
"Prospect","Creator Collective Shoot - April 2026","","Integrated Production - Manager","United Kingdom","13/03/2026","30/04/2026","4.00","USD","49.19","USD","196.76","USD","404.00","63.15","USD","8495.12","YouTube US","US YOUQ - YouTube US - Creator Collective"
"Shortlisted / Final Stages","yves rocher - paid media Q3 + Q4","Client Management","Client Management - Director","France","01/06/2026","30/11/2026","270.00","USD","78.58","USD","21215.68","USD","53128.84","60.72","USD","119740.41","YVES ROCHER FRANCE","FR YVES - YVES ROCHER FRANCE - Yves Rocher - Paid Media - Q3 et Q4"
"Shortlisted / Final Stages","yves rocher - paid media Q3 + Q4","Client Management","Client Management - Senior Director","France","01/06/2026","30/11/2026","30.00","USD","100.41","USD","3012.45","USD","7532.92","60.72","USD","119740.41","YVES ROCHER FRANCE","FR YVES - YVES ROCHER FRANCE - Yves Rocher - Paid Media - Q3 et Q4"
"Shortlisted / Final Stages","yves rocher - paid media Q3 + Q4","Investment Analytics","Investment Analytics - Senior Manager","France","01/06/2026","30/11/2026","70.00","USD","63.15","USD","4420.40","USD","12675.59","60.72","USD","119740.41","YVES ROCHER FRANCE","FR YVES - YVES ROCHER FRANCE - Yves Rocher - Paid Media - Q3 et Q4"
"Shortlisted / Final Stages","yves rocher - paid media Q3 + Q4","Investment Analytics","Investment Analytics - Senior Manager","France","01/06/2026","30/11/2026","60.00","USD","63.15","USD","3788.92","USD","10864.79","60.72","USD","119740.41","YVES ROCHER FRANCE","FR YVES - YVES ROCHER FRANCE - Yves Rocher - Paid Media - Q3 et Q4"
"Shortlisted / Final Stages","yves rocher - paid media Q3 + Q4","Media Strategy","Media Strategy - Director","France","01/06/2026","30/11/2026","20.00","USD","73.76","USD","1475.20","USD","3694.03","60.72","USD","119740.41","YVES ROCHER FRANCE","FR YVES - YVES ROCHER FRANCE - Yves Rocher - Paid Media - Q3 et Q4"
"Shortlisted / Final Stages","yves rocher - paid media Q3 + Q4","Programmatic","Programmatic - Manager","France","01/06/2026","30/11/2026","220.00","USD","48.89","USD","10756.15","USD","27089.55","60.72","USD","119740.41","YVES ROCHER FRANCE","FR YVES - YVES ROCHER FRANCE - Yves Rocher - Paid Media - Q3 et Q4"
"Shortlisted / Final Stages","yves rocher - paid media Q3 + Q4","Programmatic","Programmatic - Director","France","01/06/2026","30/11/2026","100.00","USD","76.38","USD","7637.95","USD","19194.47","60.72","USD","119740.41","YVES ROCHER FRANCE","FR YVES - YVES ROCHER FRANCE - Yves Rocher - Paid Media - Q3 et Q4"
"Shortlisted / Final Stages","yves rocher - paid media Q3 + Q4","Project Management","Project Management - Senior Manager","France","01/06/2026","30/11/2026","35.00","USD","60.50","USD","2117.67","USD","5323.75","60.72","USD","119740.41","YVES ROCHER FRANCE","FR YVES - YVES ROCHER FRANCE - Yves Rocher - Paid Media - Q3 et Q4"
"Shortlisted / Final Stages","yves rocher - paid media Q3 + Q4","Paid Social","Paid Social - Senior Manager","France","01/06/2026","30/11/2026","180.00","USD","59.21","USD","10658.36","USD","26727.39","60.72","USD","119740.41","YVES ROCHER FRANCE","FR YVES - YVES ROCHER FRANCE - Yves Rocher - Paid Media - Q3 et Q4"
"Shortlisted / Final Stages","yves rocher - paid media Q3 + Q4","Paid Social","Paid Social - Manager","France","01/06/2026","30/11/2026","270.00","USD","45.83","USD","12372.83","USD","30964.66","60.72","USD","119740.41","YVES ROCHER FRANCE","FR YVES - YVES ROCHER FRANCE - Yves Rocher - Paid Media - Q3 et Q4"
"Contract Negotiation","yves rocher - GMP reselling 2026","Client Management","Client Management - Director","France","01/03/2026","27/02/2027","30.00","USD","78.58","USD","2357.30","USD","5903.20","60.17","USD","10003.87","YVES ROCHER FRANCE","FR YVES - YVES ROCHER FRANCE - Yves Rocher - reselling GMP 2026"
"Contract Negotiation","yves rocher - GMP reselling 2026","Project Management","Project Management - Senior Manager","France","01/03/2026","27/02/2027","70.50","USD","60.50","USD","4265.59","USD","10723.55","60.17","USD","10003.87","YVES ROCHER FRANCE","FR YVES - YVES ROCHER FRANCE - Yves Rocher - reselling GMP 2026"
"Proposal / Presentation","yves rocher - paid search v1","Project Management","Project Management - Senior Manager","France","16/03/2026","17/03/2027","24.00","USD","60.50","USD","1452.12","USD","3650.57","60.42","USD","166518.39","YVES ROCHER FRANCE","FR YVES - YVES ROCHER FRANCE - yves rocher - SEA 2026"
"Proposal / Presentation","yves rocher - paid search v1","Client Management","Client Management - Senior Manager","France","16/03/2026","17/03/2027","180.00","USD","61.97","USD","11153.80","USD","28031.17","60.42","USD","166518.39","YVES ROCHER FRANCE","FR YVES - YVES ROCHER FRANCE - yves rocher - SEA 2026"
"Proposal / Presentation","yves rocher - paid search v1","Client Management","Client Management - Senior Director","France","16/03/2026","17/03/2027","65.00","USD","100.41","USD","6526.96","USD","16321.33","60.42","USD","166518.39","YVES ROCHER FRANCE","FR YVES - YVES ROCHER FRANCE - yves rocher - SEA 2026"
"Proposal / Presentation","yves rocher - paid search v1","Client Management","Client Management - VP +","France","16/03/2026","17/03/2027","34.00","USD","154.18","USD","5242.24","USD","13134.33","60.42","USD","166518.39","YVES ROCHER FRANCE","FR YVES - YVES ROCHER FRANCE - yves rocher - SEA 2026"
"Proposal / Presentation","yves rocher - paid search v1","Paid Search","Paid Search - Senior Director","France","16/03/2026","17/03/2027","180.00","USD","92.58","USD","16664.42","USD","41720.81","60.42","USD","166518.39","YVES ROCHER FRANCE","FR YVES - YVES ROCHER FRANCE - yves rocher - SEA 2026"
"Proposal / Presentation","yves rocher - paid search v1","Paid Search","Paid Search - Manager","France","16/03/2026","17/03/2027","350.00","USD","42.77","USD","14969.87","USD","37604.26","60.42","USD","166518.39","YVES ROCHER FRANCE","FR YVES - YVES ROCHER FRANCE - yves rocher - SEA 2026"
"Proposal / Presentation","yves rocher - paid search v1","Paid Search","Paid Search - Senior Manager","France","16/03/2026","17/03/2027","530.00","USD","56.01","USD","29687.45","USD","74218.61","60.42","USD","166518.39","YVES ROCHER FRANCE","FR YVES - YVES ROCHER FRANCE - yves rocher - SEA 2026"
"Proposal / Presentation","yves rocher - paid search v1","Media Strategy","Media Strategy - VP +","France","16/03/2026","17/03/2027","55.00","USD","127.30","USD","7001.45","USD","17528.53","60.42","USD","166518.39","YVES ROCHER FRANCE","FR YVES - YVES ROCHER FRANCE - yves rocher - SEA 2026"
"Proposal / Presentation","yves rocher - paid search v1","Investment Analytics","Investment Analytics - Senior Manager","France","16/03/2026","17/03/2027","1.00","USD","63.15","USD","63.15","USD","181.08","60.42","USD","166518.39","YVES ROCHER FRANCE","FR YVES - YVES ROCHER FRANCE - yves rocher - SEA 2026"
"Proposal / Presentation","yves rocher - paid search v1","Investment Analytics","Investment Analytics - Senior Manager","France","16/03/2026","17/03/2027","100.00","USD","63.15","USD","6314.86","USD","18107.99","60.42","USD","166518.39","YVES ROCHER FRANCE","FR YVES - YVES ROCHER FRANCE - yves rocher - SEA 2026"
"Proposal / Presentation","yves rocher - paid search v1","JTS - Product","JTS - Product - Director","France","16/03/2026","17/03/2027","50.00","USD","92.58","USD","4629.01","USD","11589.11","60.42","USD","166518.39","YVES ROCHER FRANCE","FR YVES - YVES ROCHER FRANCE - yves rocher - SEA 2026"
"Proposal / Presentation","yves rocher - paid search v1","Design & Production","Design & Production - Director","France","16/03/2026","17/03/2027","50.00","USD","79.42","USD","3971.08","USD","9959.39","60.42","USD","166518.39","YVES ROCHER FRANCE","FR YVES - YVES ROCHER FRANCE - yves rocher - SEA 2026"
"Proposal / Presentation","yves rocher - paid search v1","Analytics","Analytics - Director","France","16/03/2026","17/03/2027","20.00","USD","71.29","USD","1425.70","USD","3573.31","60.42","USD","166518.39","YVES ROCHER FRANCE","FR YVES - YVES ROCHER FRANCE - yves rocher - SEA 2026"
"Contract Negotiation","géolift multi cell meta","Investment Analytics","Investment Analytics - Manager","France","02/03/2026","30/04/2026","52.00","USD","56.01","USD","2912.73","USD","8348.99","63.93","USD","6943.09","YVES ROCHER FRANCE","YVES ROCHER FRANCE - Paid Media Q1  - measurement géolift"
"Contract Negotiation","géolift multi cell meta","Client Management","Client Management - Senior Director","France","02/03/2026","30/04/2026","10.00","USD","100.41","USD","1004.15","USD","2510.97","63.93","USD","6943.09","YVES ROCHER FRANCE","YVES ROCHER FRANCE - Paid Media Q1  - measurement géolift"
